timestamp_utc,overall_vibration_value,speed_value,skin_temperature_value,motor_supply_frequency_value,output_power_value,peak_to_peak_tangential_value,vibration_radial_value,vibration_tangential_value,vibration_axial_value,acceleration_rms_axial_value,acceleration_rms_tangential_value,acceleration_rms_radial_value
2026-04-25 03:39:01,1.942,1701.5,39.0,57.06,4.53,2.8359,0.964,1.902,1.942,0.282,0.4436,0.1273
2026-04-25 08:39:01,2.365,1701.0,38.0,57.09,5.17,2.6016,1.244,2.365,1.935,0.2766,0.4031,0.1182
2026-04-25 11:39:01,1.449,1699.5,46.3,57.09,5.83,2.6035,1.449,1.123,1.342,0.2622,0.4187,0.1115
2026-04-25 12:39:01,1.685,1701.4,44.7,57.09,4.98,2.3672,0.935,1.685,1.401,0.2617,0.3452,0.1152
2026-04-25 13:39:01,2.83,1701.2,45.2,57.09,5.09,2.3223,1.339,1.963,2.83,0.2698,0.3511,0.1243
2026-04-25 14:39:01,1.812,1699.9,49.6,57.09,5.64,2.5801,1.406,1.812,1.365,0.2615,0.4058,0.1211
2026-04-25 16:39:01,1.713,1701.1,42.5,57.09,5.12,2.5938,1.172,1.364,1.713,0.2554,0.4082,0.1136
2026-04-25 20:39:01,1.444,1699.8,42.4,57.09,5.68,2.2793,1.444,1.15,1.09,0.2654,0.3567,0.1251
2026-04-26 11:40:01,3.885,1449.8,33.2,48.62,4.36,3.4961,1.624,3.885,0.811,0.2764,0.5103,0.1709
2026-04-26 17:40:01,1.045,1260.0,37.4,42.28,3.55,2.7207,1.045,1.021,0.546,0.2217,0.4436,0.1305
2026-04-26 18:40:01,0.982,1260.0,41.6,42.31,3.96,2.377,0.982,0.84,0.446,0.246,0.407,0.1222
2026-04-26 22:40:01,0.918,1250.1,39.1,42.31,8.15,2.4902,0.918,0.841,0.599,0.2318,0.4319,0.1307
2026-04-26 23:40:01,0.992,1260.4,40.1,42.31,3.81,2.3477,0.807,0.992,0.413,0.2419,0.4246,0.1228
2026-04-27 02:40:01,1.132,1259.8,36.7,42.31,4.04,2.5137,1.132,1.052,0.444,0.2223,0.4307,0.1293
2026-04-27 03:40:01,0.796,135.2,43.9,5.64,1.91,0.2148,0.796,0.504,0.187,0.01,0.032,0.0278
2026-04-27 04:40:01,0.973,1260.2,36.1,42.28,3.49,2.625,0.802,0.973,0.538,0.2148,0.437,0.1329
2026-04-27 05:40:01,0.985,1261.9,38.9,42.31,3.18,2.373,0.864,0.985,0.43,0.2369,0.4253,0.1246
2026-04-27 06:40:01,0.887,1260.5,42.1,42.31,3.74,2.4258,0.79,0.887,0.471,0.2267,0.4377,0.1198
2026-04-27 09:40:01,0.879,1260.2,39.1,42.31,3.89,2.6016,0.673,0.879,0.383,0.2202,0.4485,0.1289
2026-04-27 10:40:01,0.815,1249.9,43.6,42.31,8.26,2.3477,0.815,0.782,0.633,0.2444,0.4243,0.1229
2026-04-27 11:40:01,0.187,134.4,52.3,5.59,1.87,0.1455,0.146,0.187,0.129,0.0061,0.0222,0.0081
2026-04-27 12:40:01,0.764,1259.7,46.6,42.31,4.09,2.5781,0.764,0.738,0.521,0.2472,0.4429,0.126
2026-04-27 13:40:01,0.769,1253.9,45.8,42.31,6.56,2.4023,0.636,0.769,0.5,0.2556,0.4082,0.1309
2026-04-27 14:40:01,0.899,1259.9,45.7,42.31,4.0,2.4297,0.899,0.645,0.678,0.2571,0.4114,0.1317
2026-04-27 15:40:01,1.02,1261.0,46.4,42.34,3.94,2.3848,1.02,0.803,0.813,0.2705,0.4075,0.1324
2026-04-27 17:40:01,0.293,1478.0,52.7,49.94,10.04,0.1465,0.212,0.293,0.195,0.0105,0.0267,0.0093
2026-04-27 22:40:01,1.073,1260.2,40.2,42.31,3.87,2.7461,0.805,1.073,0.733,0.2262,0.4446,0.1236
2026-04-28 01:40:01,0.848,1260.3,41.5,42.34,4.23,2.5879,0.733,0.848,0.565,0.2167,0.4341,0.12
2026-04-28 03:40:01,0.856,1260.0,38.9,42.25,3.16,2.627,0.856,0.797,0.638,0.1743,0.4124,0.0919
2026-04-28 07:40:01,0.963,1260.3,34.5,42.28,3.45,2.5547,0.906,0.963,0.483,0.2103,0.4253,0.1237
2026-04-28 09:40:01,0.938,1260.1,40.8,42.31,3.91,2.5332,0.938,0.694,0.46,0.2451,0.4326,0.1212
2026-04-28 10:40:01,0.758,1260.3,43.8,42.31,3.85,2.4375,0.758,0.753,0.592,0.24,0.4219,0.1225
2026-04-28 14:40:01,0.796,1260.5,41.9,42.31,3.77,2.4336,0.671,0.796,0.474,0.2336,0.4294,0.1205
2026-04-28 15:40:01,0.755,1259.7,43.8,42.31,4.11,2.3984,0.677,0.755,0.657,0.2429,0.4133,0.1251
2026-04-28 16:40:01,0.904,1260.1,45.8,42.31,3.92,2.4219,0.904,0.821,0.757,0.2416,0.437,0.1265
2026-04-28 19:40:01,0.319,1495.4,49.6,50.03,2.76,0.1313,0.255,0.319,0.089,0.0079,0.0208,0.0111
2026-04-29 01:00:00,0.891,1255.8,37.0,42.28,5.33,2.4609,0.869,0.891,0.441,0.2155,0.4221,0.1197
2026-04-29 12:00:00,1.052,1260.1,40.7,42.31,3.94,2.5898,1.052,0.946,0.469,0.2462,0.4333,0.126
2026-04-29 15:00:00,1.059,1260.6,42.1,42.31,3.72,2.752,0.816,1.059,0.479,0.2278,0.4578,0.1307
2026-04-29 18:00:00,0.957,1260.4,40.3,42.25,3.0,2.498,0.957,0.886,0.455,0.2173,0.4365,0.1221
2026-04-29 20:00:00,1.127,1259.8,39.3,42.28,3.64,2.75,0.697,1.127,0.483,0.217,0.4465,0.1305
2026-04-29 23:00:00,1.085,1260.2,34.3,42.28,3.49,2.6289,0.789,1.085,0.481,0.2148,0.4314,0.1296
2026-04-30 00:00:00,0.817,1259.7,39.2,42.31,4.07,2.416,0.817,0.789,0.443,0.2416,0.4194,0.12
2026-04-30 02:00:00,1.04,1255.2,36.1,42.31,5.98,2.6621,0.941,1.04,0.537,0.2189,0.4414,0.1349
2026-04-30 03:00:00,1.2,1251.2,39.4,42.31,7.68,2.416,0.689,1.2,0.479,0.2485,0.4133,0.1225
2026-04-30 04:00:00,0.891,1260.4,42.1,42.28,3.42,2.4531,0.873,0.891,0.5,0.2213,0.4397,0.1235
2026-04-30 07:00:00,1.522,1007.8,36.6,33.94,3.52,2.3047,1.522,0.964,1.16,0.1754,0.4048,0.096
2026-04-30 08:00:00,1.452,1008.7,40.9,33.94,3.19,1.9424,1.452,0.807,0.916,0.1897,0.3638,0.0841
2026-04-30 09:00:00,1.192,1001.9,43.9,33.94,5.49,2.0391,1.192,0.888,0.824,0.1775,0.366,0.0757
2026-04-30 12:00:00,1.508,1008.4,44.6,33.91,2.99,2.0938,1.508,1.444,0.867,0.1846,0.3748,0.0838
2026-04-30 13:00:00,1.014,999.0,47.2,33.94,6.51,2.0625,1.014,0.964,0.929,0.1915,0.3572,0.0746
2026-04-30 14:00:00,1.256,997.0,48.4,33.94,7.18,1.8955,0.846,1.256,0.846,0.1995,0.3025,0.0704
2026-04-30 15:00:00,1.334,998.4,47.7,33.91,6.37,2.1816,1.334,1.036,0.911,0.1975,0.355,0.0876
2026-05-01 22:00:00,0.823,440.9,24.2,14.8,0.48,1.3291,0.476,0.823,0.487,0.087,0.2063,0.0953
2026-05-01 23:00:00,1.04,692.8,30.1,23.22,0.87,1.4814,0.479,0.731,1.04,0.1505,0.2571,0.0812
2026-05-02 01:00:00,1.446,692.9,33.9,23.22,0.86,1.6934,0.42,0.862,1.446,0.1598,0.2888,0.0798
2026-05-02 03:00:00,2.104,693.3,37.2,23.23,0.87,1.8418,0.464,0.906,2.104,0.199,0.3225,0.0783
2026-05-02 04:00:00,1.676,693.5,37.8,23.27,1.04,1.7861,0.473,0.812,1.676,0.1625,0.3298,0.076
2026-05-02 05:00:00,0.785,692.3,39.8,23.27,1.31,1.7129,0.426,0.785,0.521,0.1145,0.3357,0.0693
2026-05-02 06:00:00,3.828,690.8,39.6,23.27,1.66,1.7461,0.488,0.862,3.828,0.301,0.3359,0.0698
2026-05-02 07:00:00,0.831,690.7,43.4,23.25,1.59,1.6934,0.406,0.831,0.638,0.1241,0.3401,0.0692
2026-05-02 08:00:00,1.558,689.1,40.2,23.27,2.07,1.6406,0.402,0.854,1.558,0.1559,0.3257,0.0655
2026-05-02 09:00:00,2.941,692.4,40.2,23.27,1.3,1.6572,0.436,0.752,2.941,0.2426,0.3242,0.0649
2026-05-02 10:00:00,0.88,692.6,40.7,23.27,1.26,1.667,0.442,0.88,0.701,0.1179,0.3259,0.064
2026-05-02 11:00:00,1.892,692.7,40.6,23.28,1.33,1.6475,0.395,0.962,1.892,0.1716,0.3252,0.0637
2026-05-02 15:00:00,1.613,755.9,38.7,25.31,0.87,1.9453,0.73,1.613,0.382,0.131,0.3655,0.0782
2026-05-02 18:00:00,1.418,627.1,37.8,21.2,1.9,2.3906,0.79,1.418,0.787,0.0909,0.4233,0.1433
2026-05-02 19:00:00,1.33,624.4,41.2,21.2,2.47,2.5801,0.636,1.33,0.578,0.0893,0.4194,0.1289
2026-05-02 20:00:00,0.3,145.8,43.0,5.03,0.25,0.0781,0.159,0.3,0.098,0.0054,0.0109,0.0071
2026-05-02 22:00:00,1.165,629.8,37.4,21.17,1.13,2.0703,0.654,1.165,0.616,0.0901,0.374,0.1213
2026-05-02 23:00:00,1.366,629.5,38.7,21.19,1.3,2.2969,0.618,1.366,0.559,0.0882,0.4138,0.1342
2026-05-03 01:00:00,1.508,630.3,36.9,21.2,1.24,2.3828,0.716,1.508,0.668,0.0926,0.4417,0.1554
2026-05-03 03:00:00,1.406,629.2,38.1,21.19,1.36,2.3535,0.797,1.406,0.859,0.0905,0.4233,0.1428
2026-05-03 05:00:00,1.427,628.8,37.7,21.16,1.25,2.4453,0.612,1.427,0.565,0.09,0.415,0.1365
2026-05-03 06:00:00,1.612,630.0,36.6,21.11,0.69,2.2129,0.687,1.612,1.06,0.1285,0.3572,0.1121
2026-05-03 07:00:00,1.218,629.8,37.3,21.12,0.82,2.2441,0.706,1.218,0.562,0.0952,0.3662,0.1169
2026-05-03 08:00:00,1.161,629.8,37.8,21.12,0.83,2.1895,0.62,1.161,0.761,0.0961,0.3528,0.1068
2026-05-03 13:00:00,1.596,629.8,36.8,21.23,1.53,2.4609,0.688,1.596,0.623,0.0932,0.4465,0.1561
2026-05-03 16:00:00,1.012,503.5,37.8,17.09,1.6,1.6299,0.542,1.012,0.638,0.0744,0.3154,0.1134
2026-05-03 17:00:00,1.011,504.0,42.1,17.08,1.42,1.7959,0.59,1.011,0.7,0.0865,0.3289,0.109
2026-05-03 18:00:00,0.789,504.0,41.1,17.09,1.51,1.5361,0.507,0.789,0.726,0.0825,0.2927,0.0865
2026-05-03 19:00:00,0.916,503.6,41.2,17.09,1.58,1.7939,0.637,0.916,0.714,0.0855,0.3164,0.1033
2026-05-03 20:00:00,0.742,503.6,41.9,17.09,1.58,1.4531,0.499,0.642,0.742,0.0846,0.2893,0.0814
2026-05-03 21:00:00,0.855,503.8,41.3,17.09,1.54,1.6396,0.602,0.855,0.705,0.0813,0.2991,0.0912
2026-05-03 23:00:00,0.91,504.1,39.8,17.12,1.66,1.7588,0.787,0.91,0.777,0.0817,0.3176,0.108
2026-05-04 00:00:00,0.896,503.9,43.9,17.12,1.69,1.7734,0.477,0.896,0.696,0.0903,0.3198,0.0966
2026-05-04 01:00:00,0.765,503.7,42.0,17.12,1.72,1.5713,0.573,0.765,0.702,0.0838,0.2954,0.0844
2026-05-04 02:00:00,0.84,503.7,41.8,17.12,1.72,1.7334,0.449,0.84,0.687,0.0886,0.313,0.0963
2026-05-04 03:00:00,0.762,503.9,42.7,17.12,1.69,1.5615,0.535,0.762,0.698,0.0854,0.2954,0.0804
2026-05-04 04:00:00,0.657,504.2,42.2,17.12,1.63,1.6523,0.527,0.631,0.657,0.0834,0.2949,0.0831
2026-05-04 06:00:00,0.719,503.6,41.7,17.12,1.73,1.5322,0.421,0.719,0.673,0.0858,0.2856,0.082
2026-05-04 07:00:00,0.832,503.8,43.2,17.12,1.71,1.7002,0.593,0.832,0.616,0.088,0.3179,0.098
2026-05-04 08:00:00,0.698,503.8,41.8,17.12,1.7,1.5752,0.454,0.698,0.636,0.082,0.2869,0.0809
2026-05-04 09:00:00,0.986,503.8,41.2,17.12,1.7,1.7178,0.775,0.986,0.641,0.0828,0.334,0.114
2026-05-04 10:00:00,0.731,503.9,42.0,17.12,1.68,1.5859,0.493,0.704,0.731,0.083,0.293,0.0834
2026-05-04 11:00:00,0.784,503.8,42.4,17.12,1.7,1.6523,0.543,0.784,0.694,0.0898,0.3032,0.0919
2026-05-04 12:00:00,0.623,503.8,43.2,17.12,1.7,1.5459,0.357,0.592,0.623,0.0853,0.2925,0.0773
2026-05-04 13:00:00,0.772,503.8,42.3,17.12,1.71,1.667,0.466,0.772,0.64,0.0806,0.3105,0.0931
2026-05-04 15:00:00,0.712,503.7,42.8,17.12,1.72,1.5283,0.376,0.635,0.712,0.0861,0.2944,0.0783
2026-05-04 16:00:00,0.891,503.8,42.4,17.12,1.71,1.7959,0.539,0.891,0.684,0.0828,0.321,0.1004
2026-05-04 17:00:00,0.674,504.0,43.3,17.14,1.76,1.5713,0.451,0.674,0.662,0.0837,0.3015,0.0823
2026-05-04 18:00:00,0.768,504.4,42.8,17.14,1.69,1.6006,0.562,0.768,0.625,0.0861,0.3054,0.0877
2026-05-04 22:00:00,0.458,314.4,35.4,10.75,0.87,0.8379,0.439,0.458,0.196,0.049,0.1385,0.0417
2026-05-04 23:00:00,0.476,314.8,39.5,10.75,0.83,0.8867,0.393,0.476,0.204,0.0433,0.1606,0.0459
2026-05-05 01:00:00,0.479,314.9,41.7,10.7,0.66,0.9224,0.348,0.479,0.278,0.043,0.1686,0.0457
2026-05-05 02:00:00,0.375,315.1,41.9,10.7,0.61,0.9209,0.298,0.375,0.183,0.0419,0.167,0.0425
2026-05-05 03:00:00,0.444,314.9,42.4,10.7,0.66,0.8994,0.277,0.444,0.252,0.0418,0.168,0.0421
2026-05-05 04:00:00,0.454,315.2,42.4,10.7,0.64,0.9346,0.362,0.454,0.265,0.0432,0.1719,0.0443
2026-05-05 06:00:00,0.424,315.1,42.4,10.7,0.64,0.9614,0.319,0.424,0.224,0.0427,0.174,0.0461
2026-05-05 07:00:00,0.546,314.7,42.2,10.7,0.66,0.9009,0.469,0.546,0.231,0.041,0.1678,0.0441
2026-05-05 08:00:00,0.456,315.1,42.4,10.7,0.64,0.8896,0.362,0.456,0.235,0.0425,0.1713,0.0436
2026-05-05 10:00:01,0.537,314.1,42.3,10.7,0.72,0.9155,0.455,0.537,0.305,0.0442,0.173,0.0437
2026-05-05 11:00:01,0.549,315.1,41.8,10.7,0.65,0.9067,0.549,0.489,0.216,0.0456,0.1676,0.0448
2026-05-05 14:00:01,0.267,1480.1,38.5,50.03,10.39,0.0811,0.161,0.267,0.085,0.0061,0.012,0.0073
2026-05-05 15:00:01,0.288,152.7,36.7,5.27,0.28,0.1309,0.199,0.288,0.108,0.0087,0.0214,0.0107
2026-05-05 16:00:01,0.337,170.7,35.6,5.78,0.16,0.4124,0.226,0.337,0.213,0.0304,0.0703,0.0235
2026-05-05 19:00:01,0.909,1323.7,38.9,44.41,3.77,2.6758,0.909,0.827,0.656,0.2725,0.4604,0.1835
2026-05-05 23:00:01,1.083,1071.1,35.2,36.0,3.21,2.9492,0.866,1.083,0.787,0.201,0.4517,0.1204
2026-05-06 00:00:01,1.014,1071.0,37.4,36.0,3.24,2.2695,1.014,0.987,0.865,0.2028,0.3845,0.0875
2026-05-06 01:00:01,0.921,1060.6,39.2,36.0,6.98,2.4082,0.779,0.921,0.794,0.1957,0.3818,0.079
2026-05-06 03:00:01,0.772,1071.1,40.3,36.0,3.21,2.1133,0.766,0.772,0.721,0.1926,0.3835,0.0768
2026-05-06 04:00:01,0.92,1061.2,39.6,36.0,6.76,2.1133,0.92,0.882,0.804,0.1907,0.3662,0.0786
2026-05-06 06:00:01,0.813,1070.8,42.7,36.0,3.31,2.3555,0.812,0.813,0.729,0.1765,0.417,0.0782
2026-05-06 07:00:01,1.044,1061.9,41.1,36.0,6.51,2.0371,1.002,1.044,0.888,0.191,0.3706,0.0786
2026-05-06 11:00:01,1.609,1007.8,39.6,34.0,4.14,2.2793,1.609,1.349,0.937,0.1823,0.3911,0.0916
2026-05-06 12:00:01,2.105,1008.2,43.1,34.0,4.01,2.0469,2.105,1.148,1.155,0.1836,0.3669,0.0953
2026-05-06 13:00:01,1.624,1008.0,44.3,34.0,4.08,1.9824,1.624,1.271,1.045,0.1888,0.3713,0.084
2026-05-06 16:00:01,1.906,1000.1,42.3,33.88,5.47,2.1055,1.906,0.856,0.851,0.179,0.3789,0.0945
2026-05-06 19:00:01,1.833,1008.0,41.5,33.91,3.1,2.0879,1.833,1.052,0.923,0.1735,0.3879,0.0915
2026-05-07 02:00:01,1.413,1699.5,38.3,57.09,5.85,2.4551,0.958,1.413,1.09,0.2632,0.3887,0.1077
2026-05-07 05:00:01,2.023,1701.5,41.6,57.12,5.35,2.459,1.959,1.44,2.023,0.271,0.3445,0.1271
2026-05-07 06:00:01,2.662,1701.1,42.2,57.12,5.54,2.3301,1.267,2.486,2.662,0.2676,0.3694,0.1121
2026-05-07 10:00:01,0.243,1478.3,47.0,49.97,10.36,0.1372,0.157,0.243,0.1,0.0092,0.0196,0.0091
2026-05-07 11:00:01,2.703,1701.8,40.8,57.12,5.22,2.5449,1.081,2.703,2.088,0.2788,0.4038,0.1183
2026-05-07 14:00:01,2.238,1701.8,46.6,57.16,5.62,2.5645,1.119,1.668,2.238,0.2856,0.4226,0.1337
2026-05-07 16:00:01,2.121,1701.3,45.2,57.12,5.43,2.9023,1.25,1.727,2.121,0.2744,0.436,0.1192
2026-05-07 18:00:01,2.266,1701.6,42.7,57.16,5.71,2.6152,1.396,1.818,2.266,0.2678,0.3962,0.1236
2026-05-07 20:00:01,2.348,1701.5,44.6,57.16,5.75,2.6211,1.388,1.33,2.348,0.2659,0.4082,0.1194
2026-05-08 02:00:01,2.203,1701.3,40.4,57.12,5.46,2.4277,1.658,1.35,2.203,0.2773,0.3887,0.1273
2026-05-08 05:00:01,2.705,1701.9,37.4,57.12,5.18,2.9531,1.523,1.454,2.705,0.2788,0.407,0.1321
2026-05-08 06:00:01,2.111,1701.3,42.2,57.16,5.86,2.6328,1.14,2.111,0.93,0.2717,0.3757,0.1239
2026-05-08 07:00:01,2.404,1701.3,50.9,57.16,5.86,2.4648,1.303,1.178,2.404,0.2812,0.405,0.1177
2026-05-10 20:00:01,1.42,999.0,37.0,33.84,5.52,2.0723,0.905,1.42,0.61,0.135,0.3103,0.127
2026-05-10 22:00:01,3.867,1701.5,42.2,57.19,6.17,3.3262,1.533,3.867,1.735,0.2566,0.6021,0.2104
2026-05-10 23:00:01,2.77,1701.5,42.1,57.19,6.17,3.6836,1.325,2.77,2.041,0.2742,0.5693,0.2053
2026-05-11 01:00:01,3.275,1701.3,43.2,57.19,6.26,3.9062,1.525,3.275,2.365,0.2551,0.5991,0.2147
2026-05-11 02:00:01,2.281,1702.0,42.4,57.19,5.95,3.6992,1.42,2.281,1.097,0.2668,0.5034,0.1732
2026-05-11 04:00:01,3.281,1701.0,42.4,57.19,6.38,3.2754,2.279,2.049,3.281,0.269,0.4827,0.1732
2026-05-11 05:00:01,2.727,1700.9,42.8,57.19,6.44,3.7188,1.234,2.727,1.539,0.2664,0.5601,0.1934
2026-05-11 06:00:01,1.915,1701.9,43.5,57.16,5.61,3.1758,1.569,1.915,1.282,0.261,0.4688,0.1627
2026-05-11 07:00:01,2.062,1701.4,43.7,57.19,6.21,3.2148,1.671,2.062,1.516,0.2566,0.4849,0.1704
2026-05-11 10:00:01,2.635,1701.8,39.1,57.16,5.64,3.0801,0.989,2.635,1.071,0.2185,0.4622,0.1508
2026-05-11 14:00:01,0.75,1458.7,50.2,50.0,20.67,0.4404,0.673,0.75,0.161,0.0273,0.0656,0.0329
2026-05-11 15:00:01,2.221,1701.8,45.9,57.19,6.04,3.4609,1.194,2.221,1.44,0.2476,0.4824,0.1737
2026-05-11 16:00:01,2.984,1701.2,49.1,57.19,6.31,3.4824,1.691,2.984,0.949,0.2581,0.4983,0.1793
2026-05-11 17:00:01,2.229,1701.2,46.6,57.19,6.31,2.9883,1.492,2.229,1.671,0.2573,0.449,0.165
2026-05-11 18:00:01,2.561,1702.0,47.9,57.16,5.56,3.0879,1.562,2.561,1.024,0.2286,0.4858,0.1732
2026-05-11 19:00:01,2.738,1701.5,45.3,57.19,6.17,3.2988,1.802,2.041,2.738,0.2605,0.47,0.171
2026-05-11 20:00:01,3.314,1701.5,46.3,57.19,6.18,2.9629,1.289,3.314,1.502,0.2581,0.4282,0.15
2026-05-11 21:00:01,2.674,1700.7,46.2,57.16,6.11,2.9219,1.216,2.498,2.674,0.2607,0.4402,0.1528
2026-05-11 22:00:01,2.592,1701.4,48.1,57.16,5.81,3.4883,1.689,2.568,2.592,0.2585,0.4648,0.1669
2026-05-11 23:00:01,2.842,1701.8,45.8,57.16,5.63,2.8633,1.346,2.842,2.182,0.2576,0.4199,0.1416
2026-05-12 00:00:01,2.508,1701.0,48.3,57.16,5.98,3.3945,1.529,2.508,1.583,0.2578,0.4661,0.162
2026-05-12 01:00:01,2.598,1701.0,44.4,57.16,6.01,3.0156,1.394,1.862,2.598,0.2539,0.4307,0.1499
2026-05-12 03:00:01,1.888,1701.7,45.6,57.16,5.68,2.9551,1.205,1.888,1.094,0.2406,0.4395,0.1576
2026-05-12 04:00:01,1.859,1701.6,44.0,57.16,5.75,2.8203,1.48,1.859,1.776,0.2563,0.4426,0.1499
2026-05-12 06:00:01,2.811,1699.7,45.2,57.16,6.57,3.1816,1.143,2.811,1.66,0.2573,0.4773,0.1665
2026-05-12 08:00:01,2.902,1699.9,45.9,57.19,6.86,3.0996,1.37,2.902,1.871,0.261,0.468,0.1659
2026-05-12 10:00:01,2.732,1701.0,47.9,57.16,5.99,2.9492,1.495,2.732,1.809,0.2568,0.4319,0.1559
2026-05-12 11:00:01,2.127,1702.1,49.1,57.16,5.5,3.0391,1.676,2.127,1.002,0.2573,0.4282,0.1633
2026-05-12 13:00:01,1.084,1318.3,50.1,44.12,2.41,1.4658,0.812,1.084,0.626,0.1926,0.2233,0.0886
2026-05-12 14:00:01,2.486,1701.5,47.7,57.12,5.35,3.2539,1.309,2.486,0.945,0.2305,0.5,0.1808
2026-05-12 15:00:01,2.094,1701.2,48.3,57.16,5.9,2.9336,2.094,1.89,1.853,0.2418,0.436,0.17
2026-05-12 17:00:01,3.516,1701.6,45.9,57.16,5.72,2.9902,1.365,3.516,1.019,0.2296,0.4448,0.1549
2026-05-12 21:00:01,1.84,1701.9,44.8,57.16,5.61,2.7832,1.591,1.84,1.796,0.2463,0.4126,0.1462
2026-05-12 21:28:14,0.632,686.0,55.9,23.94,7.7,0.1929,0.275,0.632,0.126,0.0082,0.0274,0.0115
2026-05-12 23:00:00,1.778,1701.7,43.2,57.19,6.07,2.8672,1.19,1.778,1.491,0.2588,0.4441,0.1489
2026-05-13 00:00:01,3.781,608.6,50.2,20.75,2.88,3.3047,1.388,3.781,2.113,0.2491,0.502,0.1624
2026-05-13 01:00:01,0.268,1494.3,53.4,49.97,2.39,0.082,0.166,0.268,0.217,0.0068,0.0099,0.007
2026-05-13 04:00:01,2.082,1701.3,42.4,57.19,6.25,2.6836,1.657,1.784,2.082,0.2595,0.4409,0.1619
2026-05-13 05:00:01,1.71,1701.3,43.5,57.19,6.28,2.6914,1.422,1.64,1.71,0.2747,0.4031,0.1566
2026-05-13 06:00:01,1.622,1701.3,44.8,57.19,6.26,2.832,1.146,1.577,1.622,0.2795,0.4258,0.1611
2026-05-13 07:00:01,1.734,1678.0,46.0,57.19,16.43,2.7305,1.056,1.734,1.696,0.2739,0.4187,0.1516
2026-05-13 10:00:01,1.168,1494.1,48.6,49.97,2.49,2.2012,0.854,1.168,0.746,0.2374,0.3401,0.145
2026-05-13 13:00:01,2.143,1696.6,46.6,57.16,7.92,3.0625,1.444,2.143,1.806,0.2412,0.4307,0.1516
2026-05-13 14:00:01,1.816,1701.7,48.4,57.19,6.08,2.7207,1.331,1.595,1.816,0.2783,0.4353,0.1683
2026-05-13 16:00:01,0.551,314.9,57.7,10.71,0.69,0.5127,0.302,0.551,0.383,0.0364,0.0879,0.0337
2026-05-13 20:00:01,1.609,1689.3,44.1,57.16,11.09,2.707,1.533,1.609,1.532,0.2268,0.4414,0.1556
2026-05-14 03:00:01,1.704,1701.3,37.4,57.16,5.84,2.6152,1.342,1.704,1.632,0.21,0.4253,0.1345
2026-05-14 04:00:01,1.746,1701.7,40.4,57.19,6.09,2.5117,1.467,1.746,1.154,0.2588,0.4385,0.1575
2026-05-14 05:00:01,2.877,1700.3,42.1,57.19,6.72,2.8438,1.402,2.877,0.952,0.2546,0.447,0.1562
2026-05-14 09:00:01,2.543,1701.3,43.9,57.16,5.84,2.7793,0.834,2.543,1.213,0.2438,0.4541,0.1471
2026-05-14 10:00:01,1.981,1700.4,51.7,57.16,6.24,2.7539,0.979,1.962,1.981,0.2445,0.4307,0.1359
2026-05-14 11:00:01,1.985,1701.8,45.5,57.16,5.64,2.6836,1.164,1.985,1.609,0.252,0.3972,0.1376
2026-05-14 13:00:01,1.94,1700.8,41.6,57.16,6.07,2.6973,1.423,1.729,1.94,0.2368,0.4568,0.1494
2026-05-14 14:00:03,2.158,1701.7,42.4,57.16,5.7,2.6328,1.543,2.158,1.497,0.2566,0.4429,0.1465
2026-05-14 16:00:00,3.018,1701.1,41.5,57.16,5.93,2.6152,2.252,1.843,3.018,0.2571,0.4453,0.1528
2026-05-14 17:00:00,2.447,1701.6,40.4,57.12,5.34,2.4688,1.411,2.072,2.447,0.2141,0.4309,0.1381
2026-05-15 00:00:00,0.311,1477.3,35.8,49.97,10.9,0.1006,0.151,0.311,0.16,0.0075,0.0144,0.008
2026-05-15 03:00:00,1.163,562.4,34.6,19.61,5.07,1.2783,0.541,1.163,0.519,0.1626,0.1846,0.0772
2026-05-15 08:00:00,1.958,1672.2,39.3,57.19,19.0,2.5254,1.842,1.733,1.958,0.2113,0.4199,0.1453
2026-05-15 12:00:00,1.717,1701.1,45.8,57.22,6.77,2.8711,1.717,1.71,1.283,0.2678,0.448,0.1677
2026-05-15 16:00:00,1.375,1006.9,42.2,33.81,2.51,1.4229,1.375,0.935,0.606,0.1387,0.2456,0.1089
2026-05-15 18:00:00,1.932,1007.1,40.3,33.84,2.77,1.4473,1.932,0.883,0.854,0.1409,0.2479,0.1167
2026-05-15 19:00:00,1.657,1001.1,41.7,33.84,4.8,1.4785,1.657,0.963,0.681,0.1399,0.2482,0.1119
2026-05-15 21:00:00,1.089,999.0,41.2,33.84,5.51,1.4805,1.089,0.922,1.008,0.1418,0.2568,0.1075
2026-05-15 22:00:00,0.237,674.4,45.9,23.39,6.38,0.165,0.172,0.237,0.087,0.0086,0.0196,0.009
2026-05-16 00:00:00,1.103,1071.3,38.5,36.0,3.13,1.6875,0.947,1.103,0.768,0.1304,0.2869,0.1158
2026-05-16 01:00:00,1.387,1059.6,39.5,36.0,7.35,1.8047,0.644,1.387,0.63,0.1338,0.2878,0.1124
2026-05-16 05:00:00,0.95,1071.1,37.4,36.0,3.22,1.6572,0.669,0.95,0.777,0.1305,0.2876,0.1143
2026-05-16 06:00:00,1.225,1058.7,44.6,36.0,7.68,1.8135,0.73,1.225,0.556,0.1425,0.2871,0.1115
2026-05-16 07:00:00,0.833,1063.5,40.3,36.0,5.93,1.7305,0.618,0.833,0.62,0.1407,0.2783,0.1088
2026-05-16 11:00:00,0.925,1063.3,44.1,35.97,5.65,1.6621,0.75,0.925,0.57,0.1448,0.2664,0.1047
2026-05-16 14:00:00,0.657,1061.9,46.1,35.97,6.18,1.6045,0.564,0.657,0.54,0.1586,0.2559,0.1033
2026-05-16 15:00:00,1.241,1061.4,45.5,36.0,6.69,1.7178,0.688,1.241,0.655,0.1573,0.2661,0.1113
2026-05-16 18:00:00,0.914,1060.2,43.9,36.0,7.12,1.7188,0.574,0.914,0.719,0.1471,0.2693,0.1063
2026-05-16 19:00:00,1.038,1061.7,43.3,36.0,6.57,1.7314,0.899,1.038,0.533,0.149,0.2729,0.1074
2026-05-16 21:00:00,1.03,1061.0,40.5,36.0,6.84,1.9395,0.648,1.03,0.623,0.1323,0.2852,0.1128
2026-05-16 22:00:00,1.099,1071.9,39.9,36.0,2.91,1.665,0.577,1.099,0.564,0.1349,0.2856,0.1099
2026-05-17 01:00:00,0.948,1059.9,41.6,36.0,7.24,1.6201,0.667,0.948,0.663,0.1403,0.2781,0.1061
2026-05-17 03:00:00,1.056,1062.8,43.2,36.0,6.2,1.7656,0.746,1.056,0.688,0.1354,0.2771,0.1094
2026-05-17 04:00:00,0.867,1063.1,41.2,36.0,6.08,1.7666,0.802,0.867,0.718,0.137,0.2822,0.1077
2026-05-17 05:00:00,0.942,1061.3,41.9,36.0,6.74,1.6709,0.72,0.942,0.566,0.1484,0.2727,0.1047
2026-05-17 06:00:00,0.903,1070.2,40.6,36.0,3.52,1.6797,0.755,0.903,0.699,0.135,0.2822,0.1118
2026-05-17 07:00:00,1.128,1070.9,41.8,36.0,3.26,1.6016,0.994,1.128,0.631,0.1472,0.2734,0.1077
2026-05-17 09:00:00,1.362,997.2,42.4,33.91,6.79,1.5215,1.362,1.277,0.944,0.1401,0.2534,0.1115
2026-05-17 10:00:00,1.827,996.9,44.1,33.91,6.9,1.5977,1.068,1.827,0.822,0.1421,0.2551,0.1066
2026-05-17 11:00:00,1.579,1008.1,44.6,33.91,3.09,1.498,0.892,1.579,0.719,0.1379,0.2502,0.1038
2026-05-17 12:00:00,1.696,1000.3,45.3,33.91,5.74,1.583,0.708,1.696,0.591,0.1376,0.2482,0.103
2026-05-17 14:00:00,1.316,1000.1,49.6,33.91,5.81,1.5166,1.236,1.316,0.711,0.1456,0.2419,0.1077
2026-05-17 15:00:00,1.84,998.3,45.8,33.91,6.39,1.5195,1.84,1.252,1.056,0.144,0.246,0.116
2026-05-17 16:00:00,1.663,998.1,45.0,33.91,6.46,1.585,1.663,1.07,0.875,0.1416,0.2448,0.1145
2026-05-17 20:00:00,2.002,1071.1,39.6,35.97,2.86,2.3984,1.147,2.002,0.693,0.139,0.4478,0.1802
2026-05-17 23:00:00,3.23,1700.4,35.2,57.09,5.45,2.9746,1.249,2.5,3.23,0.2366,0.4319,0.1559
2026-05-18 00:00:00,2.23,1700.9,39.5,57.12,5.61,2.5645,1.849,1.464,2.23,0.2384,0.4106,0.1467
2026-05-18 01:00:00,0.697,579.0,42.5,19.48,1.08,0.1689,0.325,0.697,0.196,0.007,0.0251,0.0118
2026-05-18 02:00:00,5.277,1152.3,50.6,39.81,16.74,2.75,1.485,5.277,0.679,0.189,0.4133,0.1414
2026-05-18 03:00:00,2.031,1701.5,41.8,57.12,5.35,2.6738,1.238,2.031,1.313,0.2457,0.4233,0.1407
2026-05-18 04:00:00,2.967,1701.5,41.8,57.12,5.34,2.8359,1.224,2.967,2.07,0.2539,0.4417,0.1422
2026-05-18 07:00:00,1.717,1701.1,39.2,57.09,5.14,2.7578,1.701,1.717,1.363,0.2122,0.4194,0.1425
2026-05-18 08:00:00,2.449,1701.0,41.8,57.12,5.59,2.875,1.396,1.893,2.449,0.2372,0.4556,0.1467
2026-05-18 09:00:00,2.877,1701.8,43.5,57.09,4.83,2.7402,1.963,2.406,2.877,0.2466,0.4417,0.1494
2026-05-18 11:00:00,1.947,1701.7,43.7,57.12,5.29,2.8457,1.947,1.412,1.892,0.2314,0.4373,0.1499
2026-05-18 12:00:00,2.484,1701.4,45.6,57.12,5.42,2.6816,1.118,1.706,2.484,0.2686,0.415,0.151
2026-05-18 17:00:00,1.373,685.5,39.9,23.39,3.8,1.2393,0.439,1.373,0.36,0.1137,0.1901,0.0739
2026-05-18 22:00:00,0.828,504.6,34.4,17.0,0.93,1.1094,0.556,0.758,0.828,0.0891,0.1639,0.0678
2026-05-18 23:00:00,1.035,503.8,38.3,17.02,1.14,0.8818,0.467,1.035,0.716,0.0876,0.1312,0.0561
2026-05-19 00:00:00,0.822,503.9,39.6,17.02,1.12,0.7969,0.437,0.683,0.822,0.089,0.1273,0.0578
2026-05-19 03:00:00,0.63,504.0,36.4,17.08,1.42,0.7881,0.37,0.63,0.489,0.0825,0.1222,0.0575
2026-05-19 04:00:00,0.75,504.0,39.3,17.09,1.5,0.8525,0.628,0.75,0.56,0.0853,0.1382,0.0625
2026-05-19 05:00:00,0.876,504.3,40.7,17.09,1.46,0.877,0.607,0.876,0.508,0.0826,0.1365,0.0611
2026-05-19 07:00:00,0.603,498.3,40.7,17.09,2.48,0.8555,0.361,0.603,0.499,0.0866,0.1398,0.0599
2026-05-19 08:00:00,0.601,497.6,45.4,17.09,2.59,0.9502,0.599,0.601,0.533,0.0904,0.1407,0.0656
2026-05-19 09:00:00,0.717,503.3,42.8,17.09,1.62,0.9458,0.583,0.717,0.418,0.0893,0.1442,0.0626
2026-05-19 10:00:00,1.083,504.0,43.3,17.09,1.51,0.9434,1.083,0.824,0.567,0.086,0.1448,0.0714
2026-05-19 11:00:00,0.7,503.8,44.6,17.09,1.54,0.8765,0.606,0.7,0.583,0.0889,0.1461,0.0637
2026-05-19 12:00:00,0.776,504.1,44.8,17.09,1.48,0.9868,0.622,0.776,0.487,0.0822,0.1461,0.0656
2026-05-19 13:00:00,0.888,503.7,45.7,17.09,1.55,1.0107,0.859,0.888,0.443,0.0815,0.1534,0.0666
2026-05-19 14:00:00,0.536,503.8,45.7,17.09,1.54,0.9648,0.391,0.536,0.466,0.0822,0.1506,0.0641
2026-05-19 19:00:00,1.224,594.9,42.9,19.98,0.92,2.1523,0.661,1.224,0.598,0.1565,0.3215,0.1268
2026-05-19 20:00:00,1.077,1134.6,42.0,39.03,14.2,2.2578,0.914,1.077,0.637,0.1664,0.3496,0.1482
2026-05-20 00:00:01,1.077,1323.2,34.8,44.38,3.57,1.9697,0.756,1.077,0.598,0.1597,0.3152,0.1343
2026-05-20 01:00:01,1.223,1323.3,37.4,44.41,3.97,2.1133,0.775,1.223,0.692,0.1868,0.335,0.1572
2026-05-20 02:00:01,0.875,1322.7,37.1,44.38,3.8,2.1113,0.64,0.875,0.56,0.1633,0.3335,0.1443
2026-05-20 04:00:01,1.155,1323.2,34.7,44.38,3.57,2.0273,0.585,1.155,0.718,0.1597,0.3303,0.1403
2026-05-20 10:00:01,1.22,629.5,32.4,21.16,1.11,1.5166,0.507,1.032,1.22,0.1344,0.2084,0.0883
2026-05-20 13:00:01,2.361,1701.5,39.9,57.09,4.96,2.668,1.775,2.361,1.421,0.2302,0.417,0.144
2026-05-20 14:00:01,2.168,1701.7,42.0,57.09,4.86,2.7363,1.302,1.451,2.168,0.2517,0.4238,0.1458
2026-05-20 15:00:01,2.152,1701.9,42.7,57.12,5.19,2.6934,1.136,2.152,1.555,0.2505,0.437,0.1412
2026-05-20 17:00:01,2.039,1700.9,40.1,57.09,5.2,2.5742,0.967,2.039,0.975,0.2142,0.3982,0.1361
2026-05-20 18:00:01,2.311,1701.4,40.4,57.12,5.41,2.502,0.908,2.311,1.454,0.2522,0.4087,0.1396
2026-05-20 21:00:01,2.771,1701.2,39.9,57.22,6.7,2.5801,1.606,1.814,2.771,0.2274,0.4194,0.1471
2026-05-20 23:00:01,2.777,1701.4,37.1,57.19,6.22,2.7852,1.186,2.777,2.211,0.2145,0.4124,0.1381
2026-05-21 01:00:01,1.668,1701.8,37.2,57.19,6.06,2.3457,0.958,1.668,1.191,0.2365,0.3792,0.1317
2026-05-21 03:00:01,1.763,1700.9,40.8,57.16,6.02,2.6074,1.754,1.763,1.582,0.2284,0.4006,0.1434
2026-05-21 04:00:01,0.41,216.5,46.3,7.42,0.46,0.0732,0.185,0.41,0.101,0.0054,0.0139,0.0074
2026-05-21 10:00:06,1.498,1699.0,38.0,57.06,5.64,2.3887,1.312,1.498,0.777,0.2163,0.3943,0.129
2026-05-21 11:00:00,1.307,604.6,49.2,20.38,1.35,0.4124,1.307,0.899,0.275,0.0398,0.0693,0.0513
2026-05-21 13:00:00,2.227,1700.9,42.7,57.09,5.2,2.7793,1.405,1.791,2.227,0.2438,0.4404,0.1411
2026-05-21 15:00:00,1.935,1702.0,40.5,57.09,4.72,2.5938,1.267,1.935,1.65,0.2065,0.4231,0.1428
2026-05-21 17:00:00,2.506,1700.1,43.3,57.12,5.99,2.6641,1.325,1.745,2.506,0.2537,0.4275,0.1422
2026-05-21 18:00:00,1.8,1701.7,42.9,57.12,5.26,2.5723,1.326,1.609,1.8,0.2358,0.3987,0.1376
2026-05-21 20:00:00,1.985,1701.1,40.7,57.09,5.11,2.668,1.335,1.985,1.326,0.2191,0.4167,0.1418
2026-05-21 22:00:00,2.1,1700.4,40.5,57.12,5.85,2.6699,1.376,1.4,2.1,0.25,0.4285,0.1453
2026-05-22 00:00:00,2.451,1701.8,41.4,57.12,5.25,2.668,1.107,2.451,1.746,0.26,0.425,0.1373
2026-05-22 03:00:00,0.324,689.4,44.7,24.08,7.94,0.1494,0.215,0.324,0.117,0.0063,0.0158,0.0091
2026-05-22 04:00:00,2.5,1700.8,39.6,57.16,6.07,2.668,1.26,1.947,2.5,0.2089,0.4221,0.1442
2026-05-22 12:00:00,1.787,1700.4,39.9,57.19,6.64,2.5918,1.094,1.787,1.609,0.2173,0.3943,0.1383
2026-05-22 20:00:00,3.02,1574.1,38.5,52.84,5.3,2.2012,3.02,2.047,1.402,0.1813,0.3691,0.157
2026-05-22 21:00:00,2.307,1575.1,41.2,52.88,5.26,2.2578,2.307,1.964,1.052,0.1923,0.3716,0.1425
2026-05-23 00:00:00,1.519,1700.2,39.2,57.03,4.71,2.4023,1.15,1.519,0.851,0.2003,0.394,0.1237
2026-05-23 04:00:00,2.549,1701.2,35.3,57.12,5.47,2.3555,1.279,1.761,2.549,0.2207,0.3899,0.1299
2026-05-23 07:00:00,1.605,1701.0,39.5,57.16,5.97,2.4492,0.9,1.605,1.273,0.2454,0.4021,0.136
2026-05-23 08:00:00,1.605,1700.5,42.1,57.16,6.23,2.5742,1.455,1.381,1.605,0.2556,0.4065,0.1376
2026-05-23 09:00:00,3.07,1701.7,43.3,57.16,5.67,2.6582,2.223,1.396,3.07,0.2595,0.4175,0.1493
2026-05-23 10:00:00,0.288,704.4,52.9,24.61,8.34,0.1406,0.16,0.288,0.09,0.0069,0.0151,0.008
2026-05-23 13:00:00,1.5,1699.8,41.8,57.16,6.49,2.8867,1.377,1.5,1.311,0.2532,0.4346,0.1498
2026-05-23 14:00:00,1.812,1701.1,41.8,57.16,5.93,2.9121,1.192,1.812,0.924,0.2629,0.4365,0.1541
2026-05-23 20:00:00,1.988,1699.4,38.4,57.12,6.3,2.4648,1.466,1.988,1.046,0.2227,0.4167,0.1445
2026-05-24 02:00:00,1.573,1701.3,41.6,57.12,5.44,2.834,1.211,1.462,1.573,0.1946,0.4277,0.1494
2026-05-24 05:00:00,2.139,1702.0,39.6,57.16,5.57,2.7227,1.492,2.139,1.832,0.2469,0.4202,0.1456
2026-05-24 08:00:00,2.812,1700.4,39.8,57.19,6.66,2.7031,1.855,1.88,2.812,0.2488,0.4023,0.1492
2026-05-24 10:00:00,1.869,1699.3,40.7,57.16,6.72,2.5547,1.496,1.869,1.336,0.238,0.4187,0.1433
2026-05-24 11:00:00,2.1,1702.1,41.8,57.19,5.92,2.7578,2.1,1.508,1.2,0.2258,0.4258,0.1576
2026-05-24 17:00:00,2.52,1701.8,42.7,57.25,6.84,2.6367,2.52,1.695,0.977,0.1908,0.407,0.1713
2026-05-24 19:00:00,2.229,1700.7,39.5,57.22,6.95,2.6016,1.435,1.41,2.229,0.2151,0.417,0.1512
2026-05-24 21:00:00,2.143,1700.9,44.3,57.28,7.63,2.8164,1.38,1.535,2.143,0.304,0.425,0.1737
2026-05-25 08:00:00,1.378,809.8,35.8,27.56,4.71,1.4814,0.645,1.378,0.463,0.1896,0.2233,0.0961
2026-05-25 11:00:00,1.117,817.4,39.0,27.58,2.75,1.502,0.579,1.117,0.428,0.1892,0.2189,0.0915
2026-05-25 12:00:00,0.989,819.2,43.3,27.58,2.25,1.2998,0.577,0.989,0.343,0.1516,0.2014,0.0804
2026-05-25 13:00:00,1.438,808.0,46.2,27.58,5.35,1.3486,0.574,1.438,0.398,0.1433,0.2109,0.0804
2026-05-25 14:00:00,0.969,808.2,47.3,27.58,5.29,1.2422,0.608,0.969,0.305,0.139,0.2095,0.0775
2026-05-25 19:00:00,0.884,817.6,44.1,27.56,2.56,1.2324,0.55,0.884,0.338,0.1559,0.1986,0.0796
2026-05-26 02:00:00,0.629,706.6,46.4,24.69,8.41,0.2002,0.222,0.629,0.202,0.0099,0.0275,0.0104
2026-05-26 05:00:00,0.294,591.8,38.0,19.89,0.97,0.6245,0.124,0.294,0.09,0.008,0.0151,0.0075
2026-05-29 07:00:00,0.862,692.1,31.2,23.3,1.6,1.1592,0.394,0.862,0.334,0.141,0.1578,0.0719
2026-05-29 11:00:00,0.904,624.8,38.7,21.2,2.4,1.0381,0.721,0.904,0.507,0.0884,0.1613,0.0756
2026-05-29 12:00:00,0.723,628.3,42.5,21.22,1.75,1.0098,0.539,0.723,0.528,0.0799,0.1578,0.0696
2026-05-29 18:00:00,0.842,628.7,42.2,21.17,1.38,0.9956,0.639,0.842,0.384,0.0853,0.1581,0.0737
2026-05-29 20:00:00,0.667,629.7,42.6,21.23,1.55,1.1641,0.511,0.667,0.593,0.0873,0.1683,0.0853
2026-05-29 21:00:00,0.624,629.5,42.7,21.23,1.59,1.1562,0.624,0.6,0.598,0.0942,0.1669,0.0769
2026-05-29 23:00:00,0.766,619.2,41.4,21.19,3.48,0.96,0.416,0.546,0.766,0.0957,0.1467,0.0622
2026-05-30 01:00:00,0.583,1494.7,43.6,49.97,2.16,0.2284,0.182,0.583,0.088,0.0088,0.0297,0.0099
2026-05-30 03:00:00,0.733,503.8,36.5,17.11,1.62,0.8701,0.423,0.733,0.57,0.0913,0.1302,0.0591
2026-05-30 04:00:00,0.795,503.9,39.6,17.09,1.52,0.7388,0.384,0.795,0.599,0.0814,0.1272,0.0622
2026-05-30 06:00:00,0.448,692.9,41.6,24.19,7.92,0.1978,0.274,0.448,0.095,0.0096,0.0258,0.012
2026-05-30 08:00:00,1.824,1701.6,41.4,57.12,5.33,2.4102,1.824,1.582,1.802,0.2218,0.3894,0.1462
2026-05-30 10:00:00,1.988,1701.2,42.0,57.09,5.06,2.5742,1.261,1.502,1.988,0.223,0.3989,0.1464
2026-05-30 11:00:00,3.322,1701.5,41.0,57.09,4.94,2.4863,1.735,2.242,3.322,0.2261,0.4021,0.1521
2026-05-30 12:00:00,2.99,1701.3,46.1,57.16,5.87,2.6406,1.544,2.342,2.99,0.2494,0.4194,0.1498
2026-05-30 22:00:00,2.443,1701.0,46.6,57.19,6.41,2.6191,1.371,2.443,1.104,0.2534,0.4265,0.1443
2026-05-30 23:00:00,2.42,1701.8,46.2,57.19,6.04,2.6504,1.746,1.759,2.42,0.2566,0.4146,0.1478
2026-05-31 00:00:00,2.217,1699.5,45.6,57.19,7.03,2.6855,1.109,2.217,1.108,0.252,0.4346,0.1469
2026-05-31 01:00:00,2.158,1701.2,48.2,57.12,5.5,2.9707,1.35,2.158,1.778,0.2153,0.47,0.1575
2026-05-31 02:00:00,1.859,1701.6,43.1,57.16,5.74,2.666,1.35,1.859,1.567,0.2201,0.4021,0.1396
2026-05-31 07:00:00,0.748,1428.8,42.6,50.0,33.0,0.1567,0.146,0.748,0.101,0.006,0.0254,0.0074
2026-05-31 08:00:00,1.791,1700.1,47.2,57.16,6.39,2.7754,1.187,1.791,1.435,0.24,0.436,0.1425
2026-05-31 09:00:00,1.767,1700.7,46.1,57.19,6.52,2.5059,1.077,1.675,1.767,0.259,0.4048,0.1378
2026-05-31 10:00:00,2.125,1701.0,47.2,57.19,6.37,2.9551,1.646,2.125,1.491,0.2479,0.4321,0.1538
2026-05-31 11:00:00,1.765,1700.0,48.2,57.19,6.84,2.7266,1.734,1.765,1.439,0.2527,0.4277,0.1501
2026-05-31 14:00:00,1.714,1700.9,47.4,57.12,5.63,2.8887,1.639,1.571,1.714,0.2388,0.4182,0.147
2026-05-31 17:00:00,2.0,1701.9,46.7,57.16,5.59,2.7266,1.285,2.0,1.042,0.2397,0.4202,0.1469
2026-05-31 19:00:00,1.922,1701.1,44.6,57.16,5.93,2.668,0.906,1.922,1.491,0.2311,0.4219,0.1422
2026-05-31 20:00:00,1.611,1699.8,45.2,57.16,6.49,2.6133,1.122,1.611,0.941,0.2566,0.4082,0.1382
2026-05-31 22:00:00,1.759,1701.5,45.4,57.16,5.78,2.8398,1.288,1.759,0.788,0.2537,0.4106,0.1393
2026-06-01 00:00:00,1.558,1700.8,44.8,57.16,6.05,2.5371,1.03,1.49,1.558,0.2466,0.4155,0.14
2026-06-01 01:00:00,2.623,1701.2,43.3,57.12,5.49,2.834,1.944,1.682,2.623,0.2382,0.4016,0.1462
2026-06-01 02:00:00,2.16,1701.1,43.8,57.16,5.93,2.668,1.751,2.16,1.117,0.2544,0.4177,0.1464
2026-06-01 03:00:00,2.869,1701.2,43.9,57.16,5.91,2.5547,1.608,1.713,2.869,0.2532,0.4038,0.1449
2026-06-01 04:00:00,2.539,1701.5,43.4,57.19,6.19,2.6973,1.015,1.688,2.539,0.2622,0.4182,0.1417
2026-06-01 05:00:00,1.792,1701.0,43.7,57.16,5.97,2.498,1.273,1.792,0.939,0.2502,0.4219,0.1414
2026-06-01 06:00:00,1.75,1701.4,44.9,57.16,5.82,2.5938,1.386,1.75,1.632,0.2469,0.4077,0.1361
2026-06-01 07:00:00,1.57,1699.9,45.9,57.19,6.86,2.5684,1.136,1.57,1.088,0.2561,0.4199,0.1403
2026-06-01 08:00:00,2.088,1701.7,46.8,57.19,6.08,2.4746,0.774,2.088,1.317,0.2539,0.4009,0.1332
2026-06-01 10:00:00,1.819,1701.6,48.6,57.19,6.13,2.6348,0.88,1.819,0.807,0.2566,0.3997,0.1348
2026-06-01 11:00:00,1.938,1701.9,47.7,57.16,5.6,2.8477,1.118,1.938,1.021,0.235,0.429,0.1425
2026-06-01 13:00:00,2.453,1701.9,50.8,57.19,6.0,2.377,1.407,1.819,2.453,0.271,0.3936,0.1404
2026-06-01 14:00:00,2.973,1701.4,52.5,57.19,6.2,2.6484,1.842,1.802,2.973,0.2673,0.396,0.144
2026-06-01 15:00:00,1.543,1702.5,51.5,57.19,5.73,2.6973,0.829,1.543,1.316,0.2705,0.3831,0.14
2026-06-01 16:00:00,2.572,1700.9,51.5,57.16,6.01,2.7695,1.556,2.572,2.105,0.26,0.4045,0.1498
2026-06-01 17:00:00,1.308,615.7,51.0,20.69,1.02,2.7188,1.149,1.308,0.511,0.2133,0.4807,0.2035
2026-06-01 20:00:00,1.726,1701.5,46.9,57.19,6.19,2.459,1.28,1.726,1.164,0.2563,0.407,0.1401
2026-06-01 22:00:00,3.162,1699.5,47.9,57.16,6.64,2.6973,1.235,1.923,3.162,0.2456,0.4009,0.1383
2026-06-01 23:00:00,2.191,1701.5,45.8,57.16,5.76,2.7305,1.565,2.191,1.858,0.2549,0.4094,0.1427
2026-06-02 00:00:00,1.962,1701.1,48.7,57.16,5.96,2.4453,1.291,1.803,1.962,0.2556,0.4094,0.1387
2026-06-02 01:00:00,2.461,1701.0,48.5,57.16,5.99,2.5547,1.434,1.973,2.461,0.2314,0.3882,0.1333
2026-06-02 04:00:00,1.582,1700.9,40.9,57.12,5.61,2.623,0.893,1.43,1.582,0.2299,0.4253,0.1376
2026-06-02 06:00:00,1.706,1701.2,45.0,57.16,5.88,2.4902,1.212,1.706,1.292,0.2321,0.407,0.1355
2026-06-02 07:00:00,1.922,1700.2,45.6,57.16,6.32,2.5254,1.922,1.592,1.512,0.2467,0.4114,0.1483
2026-06-02 08:00:00,2.502,1700.6,46.1,57.16,6.16,2.623,1.637,1.966,2.502,0.2391,0.4253,0.1429
2026-06-02 09:00:00,1.741,1701.8,47.5,57.16,5.65,2.4883,1.146,1.335,1.741,0.2441,0.3918,0.1375
2026-06-02 11:00:00,1.771,1701.6,48.5,57.16,5.72,2.5254,1.192,1.46,1.771,0.2239,0.4067,0.1381
2026-06-02 16:00:00,0.543,709.1,47.0,24.81,8.76,0.1655,0.131,0.543,0.08,0.0065,0.0236,0.0092
2026-06-02 19:00:00,1.582,1701.4,42.8,57.09,4.99,2.3184,1.582,1.301,1.227,0.2107,0.3818,0.1321
2026-06-02 20:00:00,1.763,1701.7,44.9,57.09,4.89,2.668,1.366,1.763,1.637,0.2434,0.4092,0.1527
2026-06-02 21:00:00,2.193,1701.7,46.0,57.09,4.87,2.4844,1.515,1.758,2.193,0.2556,0.4058,0.1415
2026-06-02 22:00:01,2.846,1701.3,45.7,57.12,5.46,2.6191,1.91,1.759,2.846,0.2561,0.4155,0.142
2026-06-02 23:00:01,2.848,1701.3,45.3,57.09,5.03,2.7715,1.507,2.693,2.848,0.2649,0.4321,0.145
2026-06-03 00:00:01,2.012,1701.3,45.0,57.12,5.43,2.4766,2.012,1.502,1.76,0.262,0.4231,0.1624
2026-06-03 03:00:01,2.453,1700.9,46.8,57.09,5.2,2.5234,1.107,2.453,1.424,0.2428,0.4133,0.1423
2026-06-03 04:00:01,2.457,1702.0,44.1,57.12,5.16,2.4531,1.762,1.728,2.457,0.2463,0.3877,0.1532
2026-06-03 05:00:01,2.146,1701.7,44.4,57.09,4.87,2.7363,1.358,2.146,1.548,0.2432,0.4021,0.1376
2026-06-03 06:00:01,2.059,1700.3,45.2,57.12,5.87,2.5078,1.284,2.059,1.807,0.2472,0.4016,0.1376
2026-06-03 07:00:01,2.625,1700.1,46.2,57.12,5.95,2.4824,1.747,1.682,2.625,0.2529,0.4021,0.1356
2026-06-03 10:00:01,1.954,1701.9,46.0,57.12,5.21,2.7871,1.288,1.696,1.954,0.2334,0.4294,0.1395
2026-06-03 11:00:01,2.209,1701.9,48.5,57.12,5.17,2.4863,1.316,2.209,1.343,0.2522,0.4048,0.1411
2026-06-03 13:00:01,2.619,1700.7,50.3,57.09,5.31,2.6328,2.619,2.516,0.667,0.2314,0.4111,0.1538
2026-06-03 20:00:01,1.368,1700.8,43.7,57.12,5.67,2.4062,0.992,1.305,1.368,0.2186,0.3911,0.1332
2026-06-03 21:00:01,2.305,1702.1,45.3,57.12,5.08,2.4863,1.104,2.305,1.511,0.24,0.3999,0.1315
2026-06-03 22:00:01,1.417,1700.5,45.7,57.12,5.82,2.4297,1.417,1.185,1.267,0.2485,0.4065,0.1311
2026-06-04 01:00:01,0.316,698.9,52.5,24.36,7.76,0.1592,0.194,0.316,0.094,0.0085,0.0199,0.0095
2026-06-04 02:00:01,0.873,1071.1,43.3,35.91,2.19,1.751,0.811,0.873,0.872,0.1489,0.2761,0.1119
2026-06-04 03:00:01,0.859,1069.4,41.1,35.94,3.14,1.5088,0.693,0.829,0.859,0.1377,0.2693,0.1036
2026-06-04 04:00:01,1.168,1056.1,42.2,35.94,7.9,1.623,1.168,0.987,0.631,0.1405,0.2625,0.1093
2026-06-04 06:00:01,0.802,1065.8,42.0,35.94,4.44,1.7275,0.564,0.802,0.635,0.1296,0.2666,0.1019
2026-06-04 09:00:01,0.859,1071.6,45.4,35.94,2.36,1.6758,0.358,0.859,0.645,0.1591,0.2571,0.0971
2026-06-04 10:00:01,0.779,1058.8,46.9,35.94,6.95,1.627,0.525,0.779,0.457,0.165,0.251,0.0904
2026-06-04 12:00:01,1.028,1071.8,49.1,35.94,2.26,1.667,0.645,1.028,0.468,0.1587,0.259,0.0941
2026-06-04 13:00:01,0.802,1071.4,49.3,35.94,2.41,1.6826,0.548,0.802,0.522,0.1635,0.2632,0.0941
2026-06-04 17:00:01,0.905,1072.3,47.2,36.0,2.76,1.6074,0.905,0.857,0.591,0.1544,0.2559,0.105
2026-06-04 19:00:01,2.5,998.2,44.1,33.91,6.43,1.4736,2.5,1.429,1.041,0.1465,0.2472,0.1276
2026-06-04 20:00:01,2.287,998.2,45.3,33.88,6.1,1.4229,2.287,0.995,0.94,0.1406,0.2422,0.1227
2026-06-04 21:00:01,1.556,996.5,45.2,33.91,7.01,1.3799,1.556,0.907,1.11,0.1506,0.2463,0.1119
2026-06-04 23:00:01,0.412,158.8,49.2,5.3,0.01,0.0791,0.161,0.412,0.158,0.0059,0.014,0.0073
2026-06-05 04:00:01,0.943,504.1,40.1,17.05,1.24,0.9194,0.943,0.695,0.666,0.0906,0.1351,0.0645
2026-06-05 05:00:01,0.545,503.9,41.7,17.05,1.27,0.835,0.545,0.519,0.469,0.0845,0.1324,0.0611
2026-06-05 10:00:01,0.898,687.6,40.2,23.25,2.29,1.2148,0.393,0.898,0.312,0.1131,0.1797,0.0696
2026-06-05 13:00:01,1.566,933.7,44.2,31.7,5.52,1.3809,0.58,1.566,0.481,0.1654,0.2267,0.0882
2026-06-05 14:00:13,1.619,940.0,48.3,31.7,3.53,1.4014,0.532,1.619,0.835,0.1671,0.2277,0.0887
2026-06-05 17:00:01,0.33,1480.8,51.3,50.03,10.08,0.147,0.127,0.33,0.125,0.008,0.0207,0.0087
2026-06-05 19:00:01,1.33,1061.8,43.9,35.97,6.2,2.1719,0.555,1.33,0.529,0.1484,0.3291,0.125
2026-06-05 22:00:01,3.004,1701.4,41.1,57.19,6.23,2.5977,1.318,2.326,3.004,0.204,0.4414,0.1531
2026-06-06 00:00:01,3.43,1701.4,41.6,57.25,7.03,2.582,1.535,1.637,3.43,0.2693,0.405,0.1462
2026-06-06 04:00:01,2.188,1701.7,42.2,57.16,5.68,2.5176,1.272,1.421,2.188,0.2245,0.4158,0.1403
2026-06-06 05:00:01,2.387,1701.5,45.9,57.19,6.18,2.6855,1.426,1.79,2.387,0.2349,0.4111,0.1456
2026-06-06 06:00:01,1.98,1701.6,47.6,57.19,6.15,2.4961,0.994,1.814,1.98,0.2466,0.4043,0.1401
2026-06-06 07:00:01,1.638,1701.5,49.0,57.19,6.17,2.709,1.02,1.465,1.638,0.2524,0.3821,0.1372
2026-06-06 08:00:01,2.381,1701.3,49.6,57.19,6.25,2.8398,1.284,2.127,2.381,0.2578,0.4143,0.1428
2026-06-06 09:00:01,0.235,1495.7,58.6,50.0,2.13,0.0664,0.124,0.235,0.106,0.0055,0.0089,0.0065
2026-06-06 11:00:01,2.43,1701.7,43.9,57.12,5.29,2.4121,0.899,1.728,2.43,0.2126,0.3987,0.1398
2026-06-06 22:00:01,2.105,1701.9,40.7,57.12,5.2,2.5879,1.451,2.105,2.104,0.2013,0.415,0.1475
2026-06-06 23:00:01,2.68,1699.0,47.5,57.16,6.87,2.4316,1.374,1.941,2.68,0.2245,0.3865,0.1349
2026-06-07 02:00:01,3.055,1700.3,45.1,57.16,6.3,2.623,1.513,1.902,3.055,0.2201,0.3958,0.1407
2026-06-07 03:00:01,1.988,1699.5,50.3,57.16,6.64,2.502,1.443,1.396,1.988,0.2328,0.3901,0.1405
2026-06-07 05:00:01,1.874,1701.0,47.3,57.12,5.57,2.4844,1.041,1.874,1.098,0.2334,0.3899,0.1416
2026-06-07 07:00:01,2.371,1701.4,52.6,57.09,5.01,2.7305,1.281,2.371,1.073,0.2164,0.4026,0.1346
2026-06-07 08:00:01,2.234,1701.5,49.4,57.16,5.77,2.4746,1.081,2.234,2.037,0.2394,0.396,0.1417
2026-06-07 10:00:01,2.354,1700.7,52.8,57.16,6.11,2.7578,1.496,2.354,2.205,0.2739,0.3994,0.1552
2026-06-07 11:00:01,1.801,1701.7,54.5,57.16,5.7,2.6289,1.147,1.801,1.638,0.2771,0.385,0.15
2026-06-07 14:00:01,1.649,1701.4,52.3,57.12,5.42,2.5078,1.649,1.545,1.127,0.2438,0.4004,0.1442
2026-06-07 18:00:01,1.669,1701.4,50.6,57.12,5.4,2.6836,1.249,1.669,1.287,0.2332,0.3994,0.1392
2026-06-07 22:00:01,2.387,1702.2,42.4,57.09,4.66,2.416,1.35,1.195,2.387,0.1998,0.4177,0.1436
2026-06-08 02:00:01,0.785,503.6,40.2,17.03,1.25,0.98,0.415,0.785,0.473,0.0842,0.1592,0.0667
2026-06-08 06:00:01,0.805,567.1,39.3,19.11,1.19,1.3457,0.406,0.805,0.247,0.0718,0.1844,0.084
2026-06-08 07:00:01,1.035,567.4,43.8,19.11,1.12,1.1055,0.303,1.035,0.332,0.0671,0.1685,0.0663
2026-06-08 08:00:01,0.401,591.9,45.3,20.25,3.17,0.1031,0.16,0.401,0.171,0.0065,0.0155,0.0075
2026-06-08 09:00:01,0.324,691.6,46.0,24.17,8.12,0.1816,0.224,0.324,0.132,0.0089,0.0211,0.0103
2026-06-08 11:00:01,0.699,629.2,43.2,21.14,1.05,1.1738,0.365,0.699,0.44,0.0893,0.1703,0.0661
2026-06-08 12:00:01,0.586,629.7,44.9,21.14,0.96,1.1094,0.478,0.586,0.572,0.0837,0.1627,0.0657
2026-06-08 16:00:01,1.157,539.8,47.0,18.08,0.46,1.3906,0.559,1.157,0.255,0.0666,0.2488,0.0989
2026-06-08 17:00:01,0.942,538.9,43.8,18.08,0.62,1.375,0.409,0.942,0.288,0.0681,0.21,0.0817
2026-06-08 18:00:01,1.375,755.8,46.8,25.36,1.27,1.3877,0.86,1.375,0.92,0.1271,0.2079,0.0717
2026-06-08 19:00:01,1.566,756.0,47.7,25.36,1.21,1.4043,0.562,1.566,0.971,0.1211,0.23,0.0725
2026-06-09 02:00:01,3.365,1701.3,41.2,57.09,5.03,2.75,1.565,1.759,3.365,0.2006,0.4182,0.1453
2026-06-09 13:00:01,1.451,1701.0,46.0,57.16,5.97,2.5547,1.229,1.451,1.204,0.224,0.4028,0.1396
2026-06-09 15:00:01,1.655,1701.7,45.4,57.16,5.66,2.543,1.556,1.655,1.608,0.2104,0.3938,0.1429
2026-06-09 16:00:01,0.344,1480.6,53.6,50.03,10.15,0.0791,0.143,0.344,0.11,0.0057,0.0119,0.0067
2026-06-09 21:00:01,2.467,1699.8,44.6,57.16,6.52,2.6074,1.599,2.033,2.467,0.2296,0.4102,0.1437
2026-06-09 21:32:14,2.551,1700.1,45.1,57.16,6.4,2.8398,1.482,2.355,2.551,0.2261,0.4016,0.1433
2026-06-09 22:00:00,2.344,1701.7,46.7,57.19,6.1,2.5801,1.246,1.525,2.344,0.2454,0.3979,0.139
2026-06-09 23:00:00,1.691,1700.8,47.5,57.19,6.48,2.5469,1.691,1.493,0.853,0.2539,0.4031,0.1428
2026-06-10 00:00:00,2.715,1701.2,47.5,57.19,6.3,2.7148,1.486,1.817,2.715,0.2583,0.4111,0.1359
2026-06-10 01:00:00,2.213,1700.8,46.8,57.19,6.5,2.5352,1.071,1.94,2.213,0.2546,0.4182,0.1364
2026-06-10 02:00:00,1.93,1700.2,47.1,57.19,6.76,2.6309,1.552,1.324,1.93,0.2581,0.4175,0.1375
2026-06-10 04:00:00,2.527,1701.8,41.5,57.12,5.24,2.4277,1.183,1.768,2.527,0.2053,0.3992,0.1396
2026-06-10 05:00:00,1.749,1701.8,42.5,57.16,5.66,2.4453,1.423,1.405,1.749,0.2271,0.408,0.1389
2026-06-10 10:00:00,2.617,1698.4,41.0,57.09,6.3,2.6211,1.428,1.46,2.617,0.1917,0.4219,0.1458
2026-06-10 15:00:00,4.992,1701.7,45.7,57.12,5.28,2.4395,4.992,2.76,1.605,0.1948,0.3806,0.2069
2026-06-10 17:00:00,1.543,1700.9,48.8,57.09,5.2,2.7109,1.247,1.543,1.009,0.2137,0.395,0.1387
2026-06-11 04:00:00,2.621,1700.1,46.1,57.16,6.4,2.5918,1.597,1.747,2.621,0.2457,0.4158,0.153
2026-06-11 16:00:00,1.926,1701.5,50.7,57.12,5.36,2.4492,1.486,1.926,1.615,0.2588,0.3889,0.1443
2026-06-11 17:00:00,0.56,609.4,52.8,20.47,0.96,1.0293,0.307,0.56,0.34,0.0862,0.1622,0.0586
2026-06-11 19:00:00,1.952,1700.8,55.7,57.09,5.27,2.8203,1.161,1.952,1.305,0.2549,0.4219,0.1488
2026-06-11 20:00:00,1.565,1701.4,49.7,57.12,5.42,2.4844,1.152,1.565,1.164,0.2456,0.4058,0.1451
2026-06-11 21:00:00,1.519,1699.4,49.9,57.12,6.27,2.5605,1.414,1.519,1.359,0.2598,0.4048,0.1499
2026-06-12 00:00:00,2.59,1701.7,42.9,57.12,5.29,2.625,1.704,1.934,2.59,0.2284,0.4031,0.1576
2026-06-12 02:00:00,1.767,1701.3,43.9,57.19,6.27,2.6367,1.368,1.417,1.767,0.2366,0.3938,0.145
2026-06-12 07:00:00,2.096,1700.0,46.4,57.22,7.23,2.4766,1.551,1.998,2.096,0.2498,0.3979,0.1414
2026-06-12 09:00:00,2.074,1701.3,45.9,57.19,6.27,2.6523,1.529,1.929,2.074,0.2208,0.4016,0.1432
2026-06-12 12:00:00,2.121,1669.1,48.9,56.19,7.37,2.3828,1.298,1.587,2.121,0.2615,0.3928,0.145
2026-06-12 13:00:00,2.734,1670.0,48.0,56.19,6.96,2.5273,1.61,1.436,2.734,0.2588,0.3953,0.1498
2026-06-12 14:00:00,2.717,1701.3,51.3,57.28,7.48,2.5723,1.494,2.637,2.717,0.2742,0.4119,0.1583
2026-06-12 17:00:00,2.014,1701.8,47.6,57.19,6.04,2.6504,1.229,2.014,1.963,0.218,0.4062,0.1392
2026-06-12 19:00:00,3.59,1701.6,46.5,57.19,6.13,2.5371,1.785,1.746,3.59,0.223,0.4087,0.1442
2026-06-12 20:00:00,0.462,1495.6,57.5,50.0,2.22,0.1309,0.115,0.462,0.107,0.0065,0.0201,0.0075
2026-06-13 04:00:00,0.735,881.3,42.6,29.67,2.62,1.4795,0.468,0.735,0.644,0.1814,0.2305,0.0872
2026-06-13 05:00:00,0.755,877.9,44.4,29.66,3.49,1.499,0.458,0.755,0.616,0.1748,0.2273,0.0829
2026-06-13 06:00:00,0.735,874.1,45.8,29.66,4.62,1.4414,0.402,0.735,0.421,0.1597,0.2175,0.0843
2026-06-13 07:00:00,0.678,881.8,46.3,29.67,2.47,1.501,0.417,0.678,0.605,0.1683,0.2208,0.0812
2026-06-13 11:00:00,0.355,582.2,42.1,20.3,5.42,0.2632,0.239,0.355,0.126,0.0135,0.0399,0.0145
2026-06-13 12:00:00,0.818,879.4,40.2,29.64,2.91,1.6885,0.461,0.818,0.496,0.2039,0.2467,0.1028
2026-06-13 13:00:00,0.779,879.4,44.7,29.66,3.05,1.4082,0.408,0.779,0.568,0.1667,0.2125,0.0821
2026-06-13 17:00:00,2.027,1701.5,39.4,57.12,5.36,2.6855,1.061,1.985,2.027,0.1958,0.4282,0.1562
2026-06-13 18:00:00,2.227,1700.6,42.1,57.12,5.76,2.4727,0.978,2.227,1.299,0.2041,0.4016,0.1315
2026-06-13 20:00:00,1.815,1575.2,44.3,52.91,5.67,2.6328,1.815,1.599,0.692,0.179,0.4026,0.1396
2026-06-14 01:00:00,3.641,1575.9,41.0,52.84,4.48,2.5879,3.641,1.876,1.083,0.176,0.4009,0.1768
2026-06-14 11:00:00,1.409,1701.4,41.7,57.12,5.39,2.416,1.306,1.409,1.359,0.1852,0.4055,0.136
2026-06-14 12:00:00,2.133,1700.9,45.9,57.09,5.2,2.6113,1.136,1.423,2.133,0.2246,0.4114,0.1544
2026-06-14 18:00:00,1.458,1702.3,47.7,57.12,5.02,2.5215,1.397,1.458,1.392,0.2227,0.3967,0.1421
2026-06-14 19:00:00,0.539,711.1,52.1,24.91,8.98,0.1655,0.539,0.484,0.14,0.0091,0.024,0.0197
2026-06-14 21:00:00,2.311,1701.1,43.1,57.12,5.53,2.373,1.134,1.585,2.311,0.2094,0.3948,0.1353
2026-06-14 22:00:00,2.287,1701.1,48.6,57.12,5.53,2.6934,1.446,2.287,2.248,0.2236,0.4177,0.1439
2026-06-14 23:00:00,2.754,1701.6,47.4,57.12,5.33,2.5996,1.484,1.989,2.754,0.2305,0.4182,0.1447
2026-06-15 03:00:00,3.861,1574.0,40.5,52.91,6.24,2.2363,3.861,2.064,0.984,0.1899,0.3816,0.177
2026-06-15 04:00:00,1.815,1701.3,42.8,57.16,5.86,2.4258,0.925,1.328,1.815,0.2429,0.406,0.1403
2026-06-15 06:00:00,3.123,1701.2,45.3,57.16,5.9,2.3184,1.415,1.619,3.123,0.2467,0.4001,0.1486
2026-06-15 07:00:00,2.803,1701.5,44.4,57.16,5.76,2.4883,1.528,1.475,2.803,0.2224,0.4026,0.1453
2026-06-15 08:00:00,2.162,1701.3,47.0,57.19,6.27,2.3848,1.85,2.064,2.162,0.23,0.386,0.1449
2026-06-15 09:00:00,1.795,1701.7,48.2,57.19,6.07,2.5078,1.691,1.361,1.795,0.2786,0.385,0.1663
2026-06-15 11:00:00,1.618,1701.5,47.8,57.16,5.78,2.8262,0.905,1.618,1.047,0.2607,0.4146,0.1444
2026-06-15 12:00:00,1.29,1699.7,49.6,57.16,6.57,2.4258,0.877,1.256,1.29,0.2739,0.3887,0.1552
2026-06-15 14:00:00,1.436,1701.7,46.8,57.16,5.7,2.4336,1.347,1.436,1.298,0.2207,0.4041,0.1389
2026-06-15 15:00:00,1.956,1700.6,48.5,57.16,6.14,2.5078,0.881,1.956,1.29,0.2457,0.3772,0.1378
2026-06-15 17:00:00,1.691,1701.5,49.0,57.19,6.19,2.5547,0.97,1.691,0.761,0.2332,0.3748,0.136
2026-06-15 19:00:00,0.346,702.1,52.7,24.5,8.07,0.1499,0.2,0.346,0.133,0.0088,0.0212,0.0101
2026-06-15 21:00:00,2.018,1701.9,41.1,57.12,5.21,2.4395,1.188,1.841,2.018,0.2004,0.4075,0.142
2026-06-15 23:00:00,2.805,1701.9,42.0,57.12,5.2,2.5723,1.148,1.261,2.805,0.1967,0.4124,0.1343
2026-06-16 08:00:00,2.271,1701.6,40.6,57.12,5.32,2.8145,1.1,2.016,2.271,0.1976,0.4297,0.1466
2026-06-16 10:00:00,0.265,145.9,43.7,5.03,0.25,0.0776,0.117,0.265,0.092,0.0058,0.0098,0.0063
2026-06-16 12:00:00,2.547,1701.1,43.1,57.12,5.52,2.6152,1.64,1.327,2.547,0.2148,0.4119,0.1421
2026-06-16 16:00:00,1.625,1699.9,46.6,57.16,6.45,2.4941,0.723,1.625,1.202,0.2283,0.3936,0.1305
2026-06-16 17:00:00,1.63,1699.8,49.3,57.16,6.51,2.4609,0.868,1.63,1.409,0.2308,0.3892,0.1337
2026-06-16 18:00:00,1.358,1701.8,49.1,57.19,6.03,2.5352,1.358,1.323,1.088,0.2472,0.394,0.1359
2026-06-16 19:00:00,1.538,1700.3,49.3,57.16,6.3,2.5391,1.005,1.538,1.356,0.2498,0.394,0.1335
2026-06-16 20:00:00,2.1,1701.7,48.7,57.16,5.69,2.4883,1.1,1.977,2.1,0.2563,0.4065,0.1338
2026-06-16 22:00:01,1.923,1701.5,45.2,57.16,5.75,2.5508,0.925,1.923,1.103,0.2202,0.4062,0.1322
2026-06-17 01:00:01,2.041,1699.8,42.3,57.19,6.9,2.5039,1.47,1.729,2.041,0.236,0.3982,0.1427
2026-06-17 03:00:01,2.164,1700.9,41.6,57.19,6.42,2.5508,1.07,1.774,2.164,0.251,0.4163,0.142
2026-06-17 08:00:01,2.238,1701.2,41.3,57.22,6.7,2.7559,1.49,2.018,2.238,0.2273,0.4258,0.1425
2026-06-17 09:00:01,2.465,1699.6,46.9,57.25,7.83,2.6406,1.133,2.465,2.062,0.2617,0.4187,0.1377
2026-06-17 10:00:01,0.362,718.8,54.1,24.66,5.16,0.1499,0.159,0.362,0.146,0.0092,0.0225,0.0092
2026-06-17 11:00:01,0.345,586.1,47.0,20.17,3.84,0.1133,0.144,0.345,0.213,0.0074,0.0191,0.0079
2026-06-17 12:00:01,2.176,1699.4,51.0,57.25,7.91,2.6934,1.06,1.968,2.176,0.244,0.4326,0.1489
2026-06-17 18:00:01,2.121,1702.0,46.6,57.12,5.16,2.8438,1.268,2.121,1.591,0.2214,0.3999,0.1332
2026-06-17 19:00:01,1.501,1701.8,47.9,57.16,5.62,2.4199,1.305,1.501,1.012,0.245,0.3923,0.1355
2026-06-17 21:00:01,2.375,1699.2,49.2,57.16,6.77,2.416,1.12,2.375,1.267,0.2517,0.3994,0.1364
2026-06-17 23:00:01,2.205,1694.9,48.8,57.16,8.65,2.4004,0.994,2.205,1.41,0.2517,0.3899,0.1344
2026-06-18 00:00:01,2.422,1697.9,48.5,57.16,7.35,2.5664,1.777,1.344,2.422,0.2551,0.4016,0.1377
2026-06-18 01:00:01,2.268,1701.1,54.9,57.12,5.53,2.7461,1.137,2.268,1.707,0.238,0.4409,0.1309
2026-06-18 02:00:01,2.451,1701.9,47.2,57.12,5.19,2.5332,0.905,2.451,1.592,0.2522,0.4036,0.1328
2026-06-18 04:00:01,0.451,700.3,58.8,24.41,7.79,0.167,0.163,0.451,0.245,0.0098,0.0238,0.009
2026-06-18 06:00:01,2.109,1699.6,43.1,57.19,6.98,2.6953,0.975,1.729,2.109,0.2235,0.4106,0.1393
2026-06-18 07:00:01,2.484,1699.6,46.9,57.22,7.42,2.541,1.072,2.086,2.484,0.2634,0.4106,0.1339
2026-06-18 10:00:01,2.309,998.9,45.4,33.91,6.2,1.5498,2.309,1.795,0.668,0.1351,0.2546,0.1204
2026-06-18 12:00:01,1.467,999.0,47.5,33.94,6.49,1.4697,1.467,1.059,0.868,0.1407,0.2416,0.1035
2026-06-18 14:00:01,0.746,1070.5,46.8,36.0,3.43,1.6426,0.511,0.746,0.549,0.1604,0.2554,0.0956
2026-06-18 15:00:01,0.973,1061.8,47.3,36.0,6.55,1.667,0.973,0.822,0.544,0.1652,0.2612,0.0986
2026-06-18 19:00:01,1.58,998.6,40.5,33.91,6.31,1.5166,1.58,1.023,0.844,0.1434,0.2502,0.115
2026-06-18 20:00:01,1.08,999.4,44.2,33.91,6.02,1.4971,1.08,0.681,0.582,0.1309,0.2444,0.1033
2026-06-18 23:00:01,1.807,755.6,41.0,25.38,1.43,1.5078,0.774,1.807,1.41,0.1373,0.238,0.0869
2026-06-19 01:00:01,0.272,690.5,41.9,24.09,7.79,0.1899,0.189,0.272,0.1,0.0091,0.0235,0.0096
2026-06-19 04:00:01,2.275,1701.4,39.8,57.19,6.2,2.5977,1.264,1.812,2.275,0.236,0.3982,0.1364
2026-06-19 08:00:01,2.477,1700.3,43.5,57.16,6.29,2.5801,1.291,2.477,1.293,0.2277,0.407,0.1393
2026-06-19 09:00:01,1.997,1699.6,46.2,57.16,6.61,2.543,1.161,1.815,1.997,0.2428,0.3904,0.1404
2026-06-19 12:00:01,1.504,1701.5,44.2,57.12,5.37,2.6113,1.213,1.3,1.504,0.2197,0.4077,0.1346
2026-06-19 21:00:01,2.129,1700.2,39.1,57.09,5.54,2.4082,1.276,2.129,1.772,0.1975,0.406,0.1378
2026-06-19 22:00:01,1.825,1701.7,40.0,57.09,4.85,2.4688,1.825,1.765,1.6,0.1897,0.405,0.1389
2026-06-20 00:00:01,2.172,1700.0,38.9,57.09,5.59,2.5469,1.081,2.172,1.154,0.2051,0.3953,0.1237
2026-06-20 01:00:01,2.383,1701.4,42.5,57.09,5.01,2.4941,0.867,2.383,1.829,0.236,0.417,0.1294
2026-06-20 12:00:01,0.274,1479.2,45.2,50.0,10.41,0.1831,0.123,0.274,0.094,0.0064,0.0282,0.0125
2026-06-20 17:00:01,0.929,807.6,41.4,27.59,5.59,1.4043,0.411,0.929,0.63,0.1681,0.2157,0.0855
2026-06-20 19:00:01,0.654,819.1,45.8,27.62,2.66,1.3281,0.398,0.654,0.317,0.1469,0.2067,0.0777
2026-06-20 21:00:01,0.625,811.8,46.4,27.62,4.68,1.2197,0.41,0.625,0.26,0.145,0.2119,0.0771
2026-06-20 22:00:01,0.687,818.3,46.5,27.64,3.03,1.3467,0.394,0.687,0.276,0.1467,0.2198,0.0774
2026-06-20 23:00:01,0.774,819.4,51.4,27.62,2.59,1.291,0.412,0.774,0.347,0.1334,0.2095,0.0798
2026-06-21 00:00:01,0.709,814.2,45.8,27.62,4.01,1.4014,0.43,0.709,0.242,0.1508,0.2189,0.0786
2026-06-21 02:00:01,0.976,818.9,46.2,27.64,2.86,1.332,0.509,0.976,0.337,0.1476,0.2123,0.0787
2026-06-21 03:00:01,0.987,819.1,45.8,27.66,2.93,1.2207,0.398,0.987,0.293,0.149,0.2141,0.0778
2026-06-21 05:00:01,1.136,810.7,46.7,27.62,4.99,1.3857,0.379,1.136,0.439,0.1414,0.2205,0.0796
2026-06-21 09:00:01,0.921,593.9,45.7,19.95,0.93,0.9912,0.301,0.921,0.305,0.0908,0.163,0.0586
2026-06-21 10:00:01,2.396,1700.4,55.2,57.25,7.49,2.7539,1.581,1.602,2.396,0.2686,0.4326,0.1543
2026-06-21 11:00:01,2.135,1701.7,49.9,57.25,6.9,2.5703,1.377,2.113,2.135,0.2947,0.4158,0.1698
2026-06-21 15:00:01,2.48,1700.5,56.9,57.25,7.41,2.8906,1.436,2.48,2.361,0.2676,0.427,0.1498
2026-06-21 16:00:01,2.158,1701.0,51.5,57.28,7.63,2.6016,1.756,1.722,2.158,0.2827,0.3843,0.16
2026-06-21 17:00:01,1.8,1701.8,51.8,57.28,7.25,2.666,1.234,1.794,1.8,0.283,0.3972,0.1554
2026-06-21 18:00:01,2.375,627.1,60.4,21.06,1.01,2.9434,1.586,1.933,2.375,0.2507,0.4436,0.1554
2026-06-22 00:00:01,1.714,1701.6,44.2,57.25,6.94,2.5645,1.252,1.714,1.471,0.2576,0.4246,0.1494
2026-06-22 07:00:01,1.825,1701.5,43.9,57.25,6.98,2.5566,1.32,1.825,1.48,0.2473,0.427,0.1486
2026-06-22 08:00:01,1.478,1635.0,47.8,54.66,2.14,2.6562,1.071,1.478,1.237,0.238,0.4321,0.1761
2026-06-22 10:00:01,0.305,635.0,62.9,21.56,2.56,0.1475,0.133,0.305,0.214,0.0119,0.0168,0.0081
2026-06-22 12:00:01,1.748,1701.1,58.7,57.25,7.17,2.9492,1.399,1.721,1.748,0.2402,0.429,0.1505
2026-06-22 16:00:01,0.308,142.2,51.5,4.87,0.19,0.0659,0.156,0.308,0.072,0.0052,0.0109,0.0071
2026-06-22 18:00:01,2.334,1701.2,46.1,57.12,5.49,2.4668,1.165,2.334,1.586,0.2316,0.395,0.1364
2026-06-22 19:00:01,2.393,1701.4,48.3,57.12,5.41,2.3457,1.513,1.182,2.393,0.2489,0.3835,0.1359
2026-06-22 20:00:01,2.158,1699.9,49.0,57.12,6.05,2.4395,1.516,1.61,2.158,0.2435,0.3906,0.1365
2026-06-22 22:00:01,1.477,1700.5,46.5,57.19,6.61,2.6074,1.109,1.477,0.924,0.2612,0.4163,0.1401
2026-06-23 02:00:01,2.012,1701.3,42.7,57.09,5.03,3.0469,0.961,2.012,1.028,0.1846,0.4756,0.1625
2026-06-23 03:00:01,1.903,1700.5,45.1,57.12,5.78,2.4043,1.903,1.818,1.748,0.2141,0.3799,0.1445
2026-06-23 05:00:01,3.037,1701.3,42.7,57.12,5.44,2.4941,1.688,1.947,3.037,0.2262,0.417,0.1405
2026-06-23 07:00:01,0.731,571.8,47.9,20.03,5.84,1.2549,0.165,0.731,0.115,0.0092,0.0288,0.0092
2026-06-23 09:00:01,2.211,595.6,54.7,20.03,1.08,2.5449,1.296,1.253,2.211,0.2147,0.3826,0.117
2026-06-23 10:00:01,1.955,1700.6,48.4,57.03,4.52,2.4766,1.032,1.955,0.9,0.2197,0.3855,0.125
2026-06-23 11:00:01,2.312,1701.3,49.7,57.03,4.2,2.584,1.298,2.312,1.534,0.2292,0.395,0.1273
2026-06-23 13:00:01,1.352,1699.9,48.5,57.09,5.68,2.6133,1.173,1.352,1.097,0.2205,0.4072,0.1316
2026-06-23 22:00:00,0.175,567.8,49.1,19.89,5.75,0.1616,0.114,0.175,0.093,0.0085,0.0183,0.0082
2026-06-23 23:00:00,1.723,999.4,41.0,33.84,5.39,1.5977,1.723,0.901,0.646,0.1326,0.2534,0.1149
2026-06-24 00:00:00,1.228,1003.2,42.2,33.84,4.12,1.585,0.752,1.228,0.823,0.1477,0.2542,0.1013
2026-06-24 01:00:00,1.955,999.2,42.5,33.84,5.44,1.5791,1.955,1.239,0.8,0.1365,0.2534,0.1179
2026-06-24 02:00:00,2.707,997.0,43.5,33.88,6.54,1.4492,2.707,1.039,0.949,0.1367,0.2467,0.1304
2026-06-24 03:00:00,1.637,1002.9,42.2,33.81,3.89,1.6377,1.637,1.445,0.74,0.1393,0.2512,0.1111
2026-06-24 04:00:00,0.998,1000.3,42.6,33.81,4.75,1.5205,0.898,0.998,0.73,0.1338,0.2507,0.1007
2026-06-24 05:00:00,1.643,997.9,43.0,33.84,5.89,1.5674,1.643,1.129,0.626,0.1328,0.2517,0.1107
2026-06-24 08:00:00,1.243,1000.2,41.6,33.75,4.14,1.4854,1.243,0.934,0.604,0.1289,0.2546,0.101
2026-06-24 10:00:00,1.014,1001.1,46.6,33.72,3.54,1.4795,0.829,1.014,0.555,0.1265,0.2418,0.087
2026-06-24 13:00:00,2.084,996.2,47.7,33.84,6.48,1.5059,2.084,1.24,0.701,0.13,0.239,0.1093
2026-06-24 16:00:00,1.97,944.9,44.4,31.73,2.26,1.6455,0.837,1.97,0.986,0.1638,0.2469,0.1001
2026-06-24 17:00:00,1.204,945.9,46.5,31.75,2.09,1.3936,0.434,1.204,1.115,0.1433,0.2236,0.0833
2026-06-24 19:00:00,1.372,934.1,44.8,31.73,5.68,1.3926,0.485,1.182,1.372,0.1519,0.2286,0.0883
2026-06-24 20:00:00,1.457,944.5,45.4,31.73,2.38,1.3711,0.472,1.457,1.033,0.1494,0.2284,0.0891
2026-06-24 23:00:00,0.932,878.8,40.4,29.56,2.4,1.5977,0.497,0.932,0.686,0.1899,0.2418,0.1002
2026-06-25 02:00:00,0.961,877.6,40.5,29.58,2.9,1.377,0.557,0.961,0.711,0.1858,0.2129,0.0853
2026-06-25 04:00:00,0.991,881.3,41.6,29.58,1.79,1.3262,0.469,0.991,0.437,0.1714,0.2101,0.0803
2026-06-25 08:00:00,0.858,541.4,43.2,18.25,1.11,1.2578,0.462,0.858,0.67,0.0788,0.189,0.0731
2026-06-25 09:00:00,0.899,541.0,45.1,18.25,1.18,1.1992,0.396,0.899,0.805,0.0712,0.2008,0.0767
2026-06-25 10:00:00,0.847,542.4,47.4,18.27,1.02,1.1992,0.479,0.847,0.771,0.0654,0.2019,0.078
2026-06-25 11:00:00,1.112,541.4,48.5,18.27,1.19,1.2715,0.443,0.911,1.112,0.0671,0.2084,0.0793
2026-06-25 12:00:00,1.064,540.7,50.2,18.25,1.25,1.1396,0.437,0.919,1.064,0.0626,0.203,0.0812
2026-06-25 13:00:00,1.077,541.0,50.6,18.27,1.26,1.208,0.48,1.029,1.077,0.0613,0.2062,0.0826
2026-06-25 14:00:00,1.056,541.4,50.8,18.27,1.2,1.1826,0.434,0.917,1.056,0.0649,0.2043,0.0809
2026-06-25 15:00:00,0.888,541.5,55.3,18.27,1.17,1.0986,0.386,0.888,0.82,0.0586,0.1809,0.0701
2026-06-25 17:00:00,0.711,504.2,47.7,16.92,0.58,0.9409,0.633,0.711,0.244,0.0737,0.1448,0.0588
2026-06-25 18:00:00,0.584,504.0,47.3,16.92,0.62,0.8916,0.418,0.584,0.27,0.0709,0.1375,0.0541
2026-06-25 19:00:00,0.812,504.2,46.8,16.95,0.74,0.9609,0.501,0.534,0.812,0.093,0.1453,0.0573
2026-06-25 21:00:00,0.485,504.4,46.4,16.94,0.64,0.8833,0.445,0.479,0.485,0.0782,0.1477,0.0565
2026-06-25 22:00:00,0.573,504.7,46.3,16.92,0.5,0.9741,0.453,0.573,0.287,0.0731,0.1462,0.0548
2026-06-25 23:00:00,0.497,504.1,46.2,16.94,0.68,1.0322,0.279,0.497,0.195,0.0693,0.1492,0.0562
2026-06-26 00:00:00,0.522,503.7,45.6,16.92,0.67,1.0098,0.423,0.522,0.196,0.0728,0.1499,0.0583
2026-06-26 03:00:00,0.648,694.7,41.6,23.19,0.2,0.9561,0.366,0.648,0.434,0.1121,0.1632,0.0598
2026-06-26 04:00:00,0.753,686.6,45.8,23.19,2.1,0.9282,0.491,0.753,0.452,0.1002,0.1667,0.0602
2026-06-26 05:00:00,0.706,693.5,43.5,23.2,0.6,0.9741,0.444,0.706,0.316,0.1038,0.1697,0.0607
2026-06-26 06:00:00,0.873,692.6,44.0,23.19,0.7,1.0146,0.431,0.873,0.398,0.1036,0.1721,0.0601
2026-06-26 07:00:00,0.677,684.4,45.0,23.19,2.6,1.001,0.453,0.677,0.42,0.1093,0.1683,0.0581
2026-06-26 08:00:00,0.602,694.7,45.4,23.2,0.32,1.0283,0.411,0.602,0.393,0.1109,0.1705,0.058
2026-06-26 10:00:00,0.755,682.0,46.3,23.19,3.16,0.9868,0.394,0.755,0.323,0.1071,0.1726,0.0542
2026-06-26 12:00:00,0.55,693.6,46.1,23.12,0.04,1.0059,0.445,0.55,0.343,0.1133,0.1733,0.0559
2026-06-26 14:00:00,0.617,693.2,47.7,23.12,0.12,1.0225,0.435,0.617,0.397,0.1058,0.1737,0.054
2026-06-26 15:00:00,0.373,162.3,53.0,5.6,0.31,0.3462,0.155,0.373,0.174,0.0141,0.0461,0.0175
2026-06-26 16:00:00,0.64,692.7,46.9,23.14,0.36,1.1094,0.345,0.64,0.356,0.1146,0.1748,0.0555
2026-06-26 18:00:00,0.681,693.2,44.5,23.16,0.35,1.1328,0.395,0.681,0.396,0.1158,0.1737,0.0586
2026-06-26 20:00:00,0.304,156.0,44.2,5.3,0.16,0.1006,0.117,0.304,0.098,0.0061,0.0156,0.007
2026-06-26 22:00:00,1.501,1008.1,41.3,33.78,1.81,1.7256,1.354,1.501,0.704,0.1265,0.2478,0.1031
2026-06-27 02:00:00,1.184,1322.8,41.5,44.41,4.17,2.1738,0.792,1.184,0.594,0.1987,0.3577,0.1626
2026-06-27 03:00:00,0.211,568.1,48.3,19.86,5.5,0.1216,0.113,0.211,0.08,0.0055,0.0129,0.0068
2026-06-27 04:00:00,1.952,1702.1,39.6,57.09,4.71,2.5547,1.56,1.952,1.948,0.1925,0.405,0.142
2026-06-27 07:00:00,2.922,1699.9,44.4,57.09,5.63,2.3379,1.541,1.887,2.922,0.2167,0.4075,0.1344
2026-06-27 08:00:00,0.231,1478.6,50.0,49.88,8.82,0.1548,0.113,0.231,0.131,0.0154,0.0341,0.0073
2026-06-27 10:00:00,3.012,1700.7,43.6,57.0,4.08,2.5293,1.276,1.476,3.012,0.2032,0.4143,0.1271
2026-06-27 11:00:00,1.525,1700.2,47.5,57.03,4.69,2.5938,1.525,1.503,1.087,0.2133,0.3877,0.127
2026-06-27 13:00:00,1.729,1699.4,50.1,57.0,4.64,2.5039,0.688,1.729,1.062,0.2179,0.3865,0.1219
2026-06-27 16:00:00,2.697,1700.8,44.6,56.97,3.64,2.3848,1.597,2.084,2.697,0.2067,0.4016,0.1289
2026-06-27 17:00:00,2.482,1701.7,47.3,56.97,3.25,2.4395,1.476,2.482,1.71,0.2107,0.386,0.1235
2026-06-27 19:00:00,2.48,1701.5,49.0,57.06,4.55,2.2363,1.024,1.241,2.48,0.2195,0.354,0.1227
2026-06-27 20:00:00,0.193,143.1,59.0,4.93,0.24,0.064,0.141,0.193,0.117,0.0057,0.008,0.0067
2026-06-27 23:00:00,2.73,1701.4,41.6,57.06,4.6,2.6367,1.062,1.959,2.73,0.198,0.4099,0.1383
2026-06-28 00:00:00,1.82,1701.3,52.4,57.09,5.03,2.7188,0.944,1.72,1.82,0.2235,0.4119,0.1257
2026-06-28 01:00:00,1.729,1712.9,46.9,57.12,0.35,2.5273,1.323,1.729,1.479,0.2268,0.4077,0.1294
2026-06-28 05:00:00,1.935,1700.2,45.6,57.09,5.53,2.6699,0.82,1.935,1.581,0.2223,0.3997,0.1305
2026-06-28 06:00:00,2.617,1699.4,43.8,57.09,5.87,2.4082,1.494,2.289,2.617,0.2109,0.3669,0.1393
2026-06-28 07:00:00,1.874,1701.7,51.9,57.09,4.86,2.5859,1.228,1.874,1.497,0.2612,0.3982,0.1492
2026-06-28 11:00:00,4.043,1691.6,45.9,57.06,8.88,2.4746,1.479,1.945,4.043,0.2153,0.3882,0.1335
2026-06-28 12:00:00,2.205,1701.7,50.1,57.09,4.87,2.2988,1.436,1.571,2.205,0.2316,0.3523,0.1326
2026-06-28 18:00:00,1.583,1700.4,44.1,56.97,3.82,2.5605,1.323,1.583,1.188,0.1963,0.4019,0.1254
2026-06-29 00:00:00,2.648,1700.4,44.3,57.03,4.62,2.4141,1.487,1.821,2.648,0.2218,0.4048,0.126
2026-06-29 01:00:00,2.254,1700.8,44.3,57.03,4.44,2.3066,0.98,2.254,1.78,0.2104,0.3792,0.1209
2026-06-29 02:00:00,2.604,1699.7,44.4,57.03,4.92,2.3906,1.517,1.567,2.604,0.2354,0.3711,0.1293
2026-06-29 03:00:00,2.027,1700.9,44.2,57.06,4.83,2.3828,1.356,1.992,2.027,0.2397,0.4094,0.1272
2026-06-29 09:00:00,2.416,1700.3,43.8,57.19,6.68,2.5781,1.254,2.162,2.416,0.2186,0.3977,0.141
2026-06-29 11:00:00,1.728,1701.5,48.8,57.25,7.0,2.5332,1.479,1.728,1.431,0.262,0.3816,0.1416
2026-06-29 13:00:00,2.074,1699.5,48.6,57.22,7.47,2.5508,0.991,2.074,1.633,0.2491,0.407,0.1376
2026-06-29 17:00:00,2.701,1701.3,49.1,57.25,7.07,2.5645,1.396,1.881,2.701,0.2825,0.3855,0.1592
2026-06-29 18:00:00,2.549,1520.4,55.6,50.88,2.87,2.6152,1.539,2.248,2.549,0.2316,0.4099,0.1349
2026-06-29 19:00:00,1.886,1700.1,46.8,57.19,6.8,2.4297,1.399,1.886,1.13,0.2512,0.3838,0.1375
2026-06-29 20:00:00,1.818,1700.4,47.0,57.22,7.08,2.2637,1.454,1.497,1.818,0.2378,0.3799,0.1462
2026-06-29 23:00:00,1.856,1700.1,45.2,57.22,7.21,2.541,1.201,1.856,1.217,0.2515,0.4177,0.1471
2026-06-30 00:00:00,2.604,1700.2,48.2,57.22,7.15,2.6074,1.327,1.967,2.604,0.2842,0.396,0.1539
2026-06-30 01:00:00,2.199,1700.4,47.5,57.25,7.48,2.5215,1.445,1.519,2.199,0.2659,0.3967,0.1433
2026-06-30 02:00:00,1.737,1700.0,47.2,57.25,7.63,2.5938,1.008,1.737,1.585,0.2827,0.3994,0.1532
2026-06-30 04:00:00,1.677,1699.8,45.3,57.22,7.31,2.5332,1.618,1.677,1.551,0.2891,0.4202,0.1642
2026-06-30 05:00:00,2.791,1700.4,46.8,57.25,7.48,2.4316,1.33,1.793,2.791,0.2686,0.3853,0.1377
2026-06-30 08:00:00,3.158,1700.1,46.2,57.19,6.8,2.6152,1.646,1.339,3.158,0.2466,0.4106,0.1438
2026-06-30 10:00:00,0.244,1440.9,58.3,50.03,30.0,0.0918,0.12,0.244,0.08,0.0062,0.0137,0.0069
2026-06-30 11:00:00,0.254,1476.8,54.4,50.03,12.08,0.0962,0.112,0.254,0.065,0.006,0.0143,0.0074
2026-06-30 13:00:00,1.739,945.0,46.7,31.78,2.67,1.4453,0.614,1.214,1.739,0.1511,0.2328,0.0939
2026-06-30 15:00:00,1.693,945.1,47.8,31.8,2.8,1.4688,0.545,1.693,1.005,0.1526,0.2402,0.0928
2026-06-30 17:00:00,1.782,940.1,50.5,31.8,4.4,1.3252,0.596,0.833,1.782,0.1409,0.2233,0.0866
2026-06-30 18:00:00,1.266,944.9,50.0,31.8,2.86,1.5498,0.625,1.266,0.534,0.1434,0.2382,0.0853
2026-06-30 19:00:00,1.365,944.9,49.0,31.78,2.7,1.4336,0.414,1.365,0.557,0.1484,0.2416,0.0873
2026-06-30 21:00:00,1.228,945.1,47.0,31.8,2.81,1.5049,0.585,1.228,0.806,0.1456,0.2336,0.0918
2026-06-30 23:00:01,1.109,945.0,44.8,31.8,2.84,1.3682,0.68,0.654,1.109,0.1589,0.2338,0.0934
2026-07-01 00:00:01,1.49,945.0,45.3,31.78,2.69,1.4375,0.502,1.49,0.536,0.1572,0.2372,0.0914
2026-07-01 01:00:01,0.68,945.1,49.1,31.77,2.51,1.3193,0.486,0.623,0.68,0.152,0.2296,0.0908
2026-07-01 02:00:01,1.318,945.0,45.5,31.78,2.69,1.4258,0.641,1.318,0.663,0.156,0.2404,0.0929
2026-07-01 03:00:01,0.763,933.0,45.4,31.78,6.5,1.3643,0.661,0.763,0.634,0.155,0.2388,0.0931
2026-07-01 04:00:01,1.128,944.9,46.2,31.77,2.55,1.4648,0.5,0.812,1.128,0.1532,0.2343,0.0893
2026-07-01 05:00:01,0.967,931.2,45.7,31.78,7.07,1.4248,0.513,0.887,0.967,0.1539,0.2369,0.0896
2026-07-01 06:00:01,1.442,932.9,45.4,31.78,6.52,1.4619,0.59,1.418,1.442,0.1556,0.2396,0.0922
2026-07-01 07:00:01,1.26,944.4,46.8,31.77,2.71,1.4219,0.58,1.26,0.679,0.15,0.2321,0.0891
2026-07-01 11:00:01,1.414,945.0,44.3,31.78,2.68,1.4053,0.508,1.414,0.562,0.1604,0.2332,0.0912
2026-07-01 19:00:01,0.299,1495.0,54.1,50.0,2.47,0.167,0.161,0.299,0.254,0.0079,0.0249,0.011
2026-07-01 20:00:01,2.07,1701.4,46.9,57.16,5.82,2.5293,1.022,2.07,1.599,0.2407,0.4214,0.1396
2026-07-01 22:00:01,2.674,1701.6,47.4,57.19,6.12,2.5293,0.887,2.674,2.123,0.2478,0.3877,0.1307
2026-07-01 23:00:01,2.738,1701.4,48.0,57.19,6.22,2.4219,1.62,1.786,2.738,0.2578,0.3887,0.1406
2026-07-02 00:00:01,2.109,1701.3,47.8,57.16,5.85,2.5762,1.126,2.047,2.109,0.2795,0.3879,0.1553
2026-07-02 01:00:01,0.625,1494.9,49.0,49.97,2.07,0.1304,0.2,0.625,0.156,0.0063,0.0229,0.0086
2026-07-02 02:00:01,1.903,1700.2,47.2,57.19,6.75,2.4766,1.262,1.812,1.903,0.2805,0.377,0.1544
2026-07-02 04:00:01,2.639,1701.1,46.7,57.19,6.35,2.3496,1.596,2.639,1.999,0.2812,0.3701,0.1542
2026-07-02 06:00:01,1.993,1701.0,47.4,57.19,6.4,2.4121,1.058,1.993,1.549,0.2739,0.3677,0.1505
2026-07-02 08:00:01,0.256,1496.9,55.3,50.06,2.47,0.1611,0.213,0.256,0.095,0.0086,0.0197,0.0102
2026-07-02 09:00:01,2.26,1701.6,46.3,57.16,5.71,2.5234,1.138,1.415,2.26,0.236,0.3828,0.1292
2026-07-02 10:00:01,2.441,1701.2,48.6,57.16,5.88,2.5469,1.428,2.441,1.217,0.2448,0.3845,0.1387
2026-07-02 11:00:01,2.115,1702.1,50.0,57.16,5.49,2.4961,1.513,2.115,1.876,0.2412,0.366,0.1409
2026-07-02 14:00:01,2.094,1701.1,46.1,57.16,5.96,2.4043,1.337,2.094,1.229,0.2164,0.3943,0.1439
2026-07-02 15:00:01,2.973,1701.6,49.2,57.19,6.13,2.5527,1.403,2.766,2.973,0.2502,0.3911,0.1412
2026-07-02 17:00:01,1.696,1701.6,49.0,57.16,5.71,2.6562,1.039,1.625,1.696,0.2397,0.3789,0.1373
2026-07-02 18:00:01,2.467,1700.1,50.2,57.16,6.39,2.4023,1.392,1.912,2.467,0.2632,0.3879,0.1476
2026-07-02 19:00:01,1.695,1699.7,49.4,57.16,6.55,2.6992,1.287,1.687,1.695,0.2551,0.4019,0.1403
2026-07-02 21:00:00,2.754,1700.0,49.5,57.16,6.43,2.4199,1.854,1.418,2.754,0.2615,0.3755,0.1501
2026-07-02 23:00:00,2.51,1700.9,47.6,57.16,6.03,2.6133,1.816,2.191,2.51,0.2444,0.3777,0.1442
2026-07-03 00:00:00,1.64,1701.1,47.8,57.16,5.96,2.3047,1.29,1.64,1.472,0.2512,0.374,0.136
2026-07-03 01:00:00,2.9,1700.9,49.9,57.16,6.01,2.291,1.336,1.554,2.9,0.245,0.3679,0.1294
2026-07-03 02:00:00,3.305,1699.7,47.5,57.19,6.98,2.6152,1.652,1.498,3.305,0.2603,0.3875,0.1381
2026-07-03 03:00:00,2.537,1701.7,48.1,57.16,5.69,2.4551,1.688,2.023,2.537,0.2556,0.3745,0.141
2026-07-03 04:00:00,2.4,1701.0,47.8,57.16,6.0,2.5723,1.736,1.881,2.4,0.2515,0.3872,0.1381
2026-07-03 06:00:00,1.978,1701.2,47.8,57.19,6.3,2.5547,1.372,1.385,1.978,0.2578,0.3872,0.1371
2026-07-03 08:00:00,2.049,1701.7,49.0,57.19,6.11,2.291,1.403,2.049,1.717,0.2498,0.3638,0.1354
2026-07-03 09:00:00,2.719,1701.3,51.2,57.16,5.85,2.5137,1.023,2.719,1.05,0.2476,0.3845,0.1344
2026-07-03 10:00:00,2.592,1701.3,50.8,57.19,6.25,2.4023,1.479,1.554,2.592,0.251,0.3674,0.1403
2026-07-03 11:00:00,2.721,1701.5,52.6,57.19,6.19,2.4258,1.394,2.182,2.721,0.2491,0.3623,0.1359
2026-07-03 12:00:00,2.07,1701.5,51.9,57.16,5.79,2.3477,0.883,2.07,1.267,0.252,0.355,0.1359
2026-07-03 13:00:00,1.837,1701.8,52.2,57.19,6.06,2.3906,1.623,1.706,1.837,0.2532,0.3567,0.1471
2026-07-04 01:00:00,1.315,1322.6,40.7,44.31,3.01,2.6211,1.085,1.315,0.711,0.1602,0.3765,0.1714
2026-07-04 05:00:00,0.345,591.2,43.1,19.86,0.91,0.2583,0.325,0.345,0.082,0.0215,0.0516,0.0136
2026-07-04 09:00:00,0.977,1070.6,44.8,35.94,2.7,1.6572,0.736,0.977,0.557,0.147,0.2695,0.1044
2026-07-04 10:00:00,0.817,1052.0,46.8,35.97,9.73,1.6924,0.607,0.817,0.555,0.1539,0.2617,0.092
2026-07-04 12:00:00,0.937,1071.1,49.8,35.97,2.86,1.6973,0.564,0.937,0.917,0.1616,0.2489,0.0947
2026-07-04 13:00:00,1.086,1062.0,50.5,35.94,5.78,1.9023,0.834,1.086,0.475,0.1614,0.3,0.1115
2026-07-04 16:00:00,0.925,1025.1,50.6,35.16,10.42,1.3721,0.453,0.908,0.925,0.1354,0.2122,0.0776
2026-07-04 17:00:00,0.886,1060.7,49.5,35.94,6.28,1.6826,0.638,0.886,0.542,0.1483,0.261,0.0958
2026-07-04 19:00:00,1.24,1058.2,49.8,35.97,7.49,1.6094,0.921,0.946,1.24,0.1573,0.259,0.0989
2026-07-05 03:00:00,0.822,689.8,38.7,23.2,1.47,1.4551,0.493,0.822,0.344,0.1172,0.1868,0.0729
2026-07-05 04:00:00,1.347,682.5,42.1,23.22,3.28,0.9639,0.416,1.184,1.347,0.109,0.171,0.0604
2026-07-05 11:00:00,0.678,502.3,44.1,16.97,1.15,1.0752,0.495,0.678,0.47,0.0757,0.1586,0.0611
2026-07-05 12:00:00,1.054,504.3,46.4,16.94,0.65,0.9414,0.442,1.028,1.054,0.0785,0.1538,0.0563
2026-07-05 13:00:00,0.725,504.0,48.6,16.97,0.87,1.0225,0.455,0.725,0.527,0.0804,0.157,0.0625
2026-07-05 14:00:00,1.128,503.1,48.8,16.97,1.01,1.0693,0.582,1.003,1.128,0.0923,0.1516,0.0606
2026-07-05 15:00:00,0.394,141.3,53.6,4.89,0.26,0.0874,0.159,0.394,0.389,0.0096,0.0135,0.007
2026-07-05 17:00:00,0.784,1002.4,45.0,33.78,3.74,1.2295,0.421,0.597,0.784,0.1521,0.2065,0.0685
2026-07-05 19:00:00,2.656,1700.1,41.5,57.03,4.75,2.7539,1.286,1.607,2.656,0.1989,0.4351,0.1515
2026-07-05 20:00:00,3.486,1201.9,52.6,40.62,6.83,2.6836,2.938,3.486,0.92,0.2262,0.3967,0.1587
2026-07-05 21:00:00,2.414,1701.7,45.4,57.06,4.48,2.6035,1.535,2.256,2.414,0.24,0.4202,0.1375
2026-07-05 22:00:00,2.139,1701.8,53.8,57.03,4.02,2.6426,1.415,1.644,2.139,0.2321,0.4119,0.1296
2026-07-06 03:00:00,1.474,1007.9,41.9,33.78,1.88,1.7256,1.474,0.898,0.976,0.1562,0.261,0.1122
2026-07-06 04:00:00,2.094,1700.9,43.7,57.12,5.64,2.5078,1.469,2.094,0.929,0.2451,0.4258,0.1437
2026-07-06 05:00:00,2.477,1701.5,44.8,57.12,5.37,2.5625,1.139,1.529,2.477,0.2573,0.4338,0.1354
2026-07-06 11:00:00,2.16,1701.5,45.2,57.09,4.97,2.6895,1.355,1.743,2.16,0.2258,0.4194,0.1305
2026-07-06 12:00:00,1.409,1701.0,47.6,57.09,5.19,2.2441,1.361,1.409,1.216,0.2147,0.375,0.1321
2026-07-06 13:00:00,1.824,1701.4,50.2,57.12,5.4,2.5371,1.064,1.824,1.75,0.2664,0.3926,0.1548
2026-07-06 14:00:00,1.953,1701.4,50.6,57.12,5.39,2.5898,1.358,1.953,1.107,0.26,0.4065,0.1488
2026-07-06 16:00:00,1.844,1698.9,50.2,57.09,6.08,2.3926,0.981,1.844,1.36,0.2432,0.4019,0.1317
2026-07-06 19:00:00,1.609,1701.5,46.4,57.06,4.54,2.4434,1.142,1.609,1.087,0.252,0.3953,0.1355
2026-07-06 20:00:00,1.796,1701.1,47.2,57.06,4.73,2.4551,1.371,1.796,1.176,0.2742,0.4189,0.1501
2026-07-06 21:00:00,2.514,1701.6,47.8,57.06,4.52,2.543,1.317,1.479,2.514,0.2808,0.3926,0.1484
2026-07-07 00:00:00,2.209,1701.2,46.4,57.06,4.69,2.877,0.964,2.209,0.956,0.2766,0.4314,0.1478
2026-07-07 01:00:00,2.049,1700.9,45.7,57.06,4.81,2.5312,0.863,1.396,2.049,0.2207,0.3748,0.1227
2026-07-07 03:00:00,1.029,592.8,50.3,19.92,0.97,1.7861,0.67,1.029,0.595,0.155,0.2773,0.1072
2026-07-07 04:00:00,3.146,1700.9,40.4,57.19,6.43,2.7715,1.285,3.146,2.236,0.2284,0.4458,0.1461
2026-07-07 05:00:00,1.663,1700.7,44.6,57.19,6.51,2.7109,1.007,1.624,1.663,0.2629,0.4214,0.1429
2026-07-07 09:00:00,1.653,1701.8,49.6,57.22,6.47,2.4512,1.227,1.653,1.583,0.2544,0.3987,0.1401
2026-07-07 12:00:00,1.838,1701.7,45.2,57.19,6.09,2.6152,1.301,1.454,1.838,0.2343,0.415,0.1464
2026-07-07 13:00:00,0.938,602.0,48.9,20.22,0.92,2.3203,0.72,0.938,0.603,0.1991,0.397,0.1641
2026-07-07 14:00:00,2.029,1700.3,50.7,57.22,7.11,2.4082,0.951,1.691,2.029,0.2556,0.377,0.1414
2026-07-07 15:00:00,1.725,1701.5,51.5,57.25,7.0,2.4707,1.464,1.725,1.154,0.2642,0.3821,0.1467
2026-07-07 17:00:00,1.785,1701.9,51.2,57.22,6.41,2.3926,1.082,1.785,1.614,0.2676,0.3804,0.1415
2026-07-07 20:00:00,1.893,1701.6,49.1,57.25,6.92,2.2793,1.259,1.893,1.678,0.2649,0.3674,0.1384
2026-07-07 21:00:00,2.383,1701.3,48.7,57.22,6.69,2.4082,1.306,1.331,2.383,0.2732,0.4019,0.1396
2026-07-07 22:00:00,1.858,1699.8,46.6,57.22,7.34,2.4434,1.858,1.736,1.159,0.2349,0.3933,0.1497
2026-07-07 23:00:00,1.892,1700.3,47.2,57.22,7.12,2.5605,1.737,1.589,1.892,0.2654,0.4048,0.1475
2026-07-08 03:00:00,1.818,1701.4,43.9,57.22,6.63,2.625,1.397,1.719,1.818,0.2507,0.4009,0.1427
2026-07-08 04:00:00,1.715,1701.5,45.3,57.22,6.6,2.5293,1.164,1.715,1.416,0.2654,0.4094,0.1376
2026-07-08 06:00:00,2.17,1701.3,47.7,57.22,6.69,2.5703,0.952,1.475,2.17,0.2642,0.395,0.1348
2026-07-08 07:00:00,2.244,1699.9,47.4,57.22,7.27,2.6152,1.44,1.356,2.244,0.27,0.4009,0.1412
2026-07-08 09:00:00,2.135,1701.1,49.0,57.25,7.18,2.4082,1.142,1.752,2.135,0.2654,0.377,0.1395
2026-07-08 10:00:00,2.992,1702.1,49.0,57.25,6.74,2.6055,1.356,2.807,2.992,0.2695,0.4048,0.144
2026-07-08 11:00:00,3.111,1701.1,50.2,57.25,7.14,2.6855,1.411,3.111,2.799,0.272,0.4202,0.1426
2026-07-08 12:00:00,3.279,1701.3,55.7,57.25,7.06,2.5723,1.142,3.279,2.307,0.26,0.3933,0.1366
2026-07-08 13:00:00,1.729,1701.3,51.6,57.25,7.08,2.4512,1.052,1.729,1.646,0.261,0.3723,0.1451
2026-07-08 14:00:00,1.89,1701.4,52.1,57.25,7.04,2.5391,1.342,1.749,1.89,0.2742,0.3909,0.1516
2026-07-08 16:00:00,2.172,1701.5,52.0,57.25,6.98,2.3965,0.933,2.172,0.881,0.2517,0.3684,0.1409
2026-07-08 19:00:00,2.139,1700.6,47.0,57.22,6.99,2.7285,1.425,2.139,1.962,0.2435,0.4021,0.1458
2026-07-08 20:00:00,1.76,1701.4,48.2,57.22,6.61,2.6719,1.583,1.349,1.76,0.2668,0.4048,0.1418
2026-07-08 21:00:00,0.843,600.2,48.0,20.58,3.54,2.0625,0.609,0.843,0.548,0.314,0.3054,0.1237
2026-07-08 22:00:00,1.003,598.5,49.2,20.12,1.05,1.8086,0.627,1.003,0.525,0.3081,0.293,0.1226
2026-07-09 00:00:00,2.303,1701.8,43.5,57.22,6.44,2.7129,1.126,2.303,2.062,0.2429,0.429,0.1462
2026-07-09 02:00:00,1.838,1701.6,46.4,57.22,6.53,2.6035,1.838,1.695,1.577,0.2703,0.384,0.1494
2026-07-09 04:00:00,2.426,1699.9,43.4,57.22,7.26,2.6133,1.484,1.615,2.426,0.2274,0.4102,0.1501
2026-07-09 05:00:00,2.393,593.9,44.7,19.94,0.85,2.7051,1.16,2.393,0.702,0.2356,0.3865,0.1542
2026-07-09 06:00:00,1.632,1701.2,49.7,57.19,6.3,2.7754,1.632,1.578,1.035,0.2296,0.4055,0.1481
2026-07-09 07:00:00,1.837,1701.2,42.2,57.22,6.71,2.7656,1.397,1.676,1.837,0.2214,0.4417,0.1549
2026-07-09 11:00:00,1.629,1699.9,46.2,57.25,7.68,2.666,1.206,1.451,1.629,0.2318,0.4126,0.153
2026-07-09 12:00:00,2.533,1701.6,49.8,57.25,6.95,2.6328,1.216,2.039,2.533,0.2979,0.3909,0.1667
2026-07-09 15:00:00,2.76,1701.6,45.9,57.19,6.15,2.5273,1.833,1.534,2.76,0.2273,0.4177,0.1538
2026-07-09 17:00:00,1.56,1700.2,51.5,57.22,7.14,2.7148,1.09,1.56,1.331,0.2456,0.3928,0.1456
2026-07-09 20:00:00,1.71,1700.8,47.8,57.22,6.9,2.3906,0.96,1.71,1.581,0.2651,0.3838,0.1451
2026-07-09 21:00:00,2.979,1701.3,48.8,57.22,6.68,2.4609,1.123,1.296,2.979,0.2788,0.4011,0.1445
2026-07-10 00:00:00,2.117,1700.8,45.8,57.22,6.88,2.6777,1.117,1.621,2.117,0.2374,0.4026,0.1399
2026-07-10 03:00:00,1.939,1700.7,45.0,57.22,6.92,2.6387,0.913,1.939,1.73,0.2661,0.4146,0.1454
2026-07-10 04:00:00,2.209,1699.8,43.5,57.22,7.33,2.5957,1.415,2.209,2.086,0.2457,0.4087,0.1478
2026-07-10 06:00:00,2.791,1701.6,41.1,57.22,6.54,2.7012,1.28,1.568,2.791,0.2205,0.4395,0.1477
2026-07-10 08:00:00,0.528,636.3,54.1,21.38,1.06,0.3901,0.528,0.407,0.255,0.0573,0.0621,0.0511
2026-07-10 09:00:00,2.09,1700.5,46.9,57.09,5.39,2.416,1.438,2.09,1.796,0.2284,0.3735,0.1313
2026-07-10 10:00:00,1.468,1701.4,49.1,57.12,5.4,2.5039,1.228,1.405,1.468,0.2358,0.3818,0.1327
2026-07-10 11:00:00,0.37,1439.4,60.6,50.03,30.75,0.3589,0.129,0.37,0.107,0.0078,0.0137,0.0071
2026-07-10 19:00:00,1.618,1701.6,43.0,57.0,3.68,2.8828,1.003,1.535,1.618,0.1973,0.4102,0.1318
2026-07-10 21:00:00,2.17,1701.2,45.2,57.0,3.87,2.6191,0.959,2.17,1.085,0.234,0.4329,0.1306
2026-07-10 22:00:00,2.492,1699.6,45.2,57.0,4.55,2.625,1.373,2.492,1.801,0.2191,0.4133,0.1298
2026-07-10 23:00:00,2.186,1699.9,45.4,57.0,4.45,2.4082,1.343,1.512,2.186,0.2502,0.3853,0.1383
2026-07-11 00:00:00,1.667,1701.2,45.6,57.0,3.84,2.418,1.1,1.667,1.579,0.2368,0.3994,0.1255
2026-07-11 01:00:00,1.944,1700.9,45.5,57.0,3.99,2.3711,1.505,1.802,1.944,0.2947,0.3921,0.1654
2026-07-11 05:00:00,2.875,1699.8,42.1,57.0,4.45,2.8398,1.661,1.537,2.875,0.2214,0.4473,0.1354
2026-07-11 07:00:00,0.318,165.8,45.4,5.71,0.31,0.2505,0.318,0.267,0.19,0.0199,0.0361,0.0166
2026-07-11 12:00:00,0.431,603.5,50.2,20.39,1.68,0.1328,0.166,0.431,0.135,0.0067,0.0186,0.0082
2026-07-11 17:00:00,0.79,629.3,47.5,21.11,0.83,1.1982,0.617,0.79,0.579,0.0812,0.1877,0.0733
2026-07-11 19:00:00,2.393,1701.5,42.8,57.12,5.34,2.7012,1.543,2.393,1.784,0.2035,0.4426,0.1467
2026-07-11 20:00:00,2.215,1699.9,44.2,57.12,6.05,2.4844,1.047,2.156,2.215,0.2141,0.3845,0.136
2026-07-11 23:00:00,1.042,1260.2,41.7,42.28,3.46,2.2109,0.609,1.042,0.778,0.1693,0.354,0.1389
2026-07-12 00:00:00,1.628,1008.7,41.6,33.72,0.96,1.6104,1.628,0.951,0.885,0.1442,0.2549,0.1068
2026-07-12 01:00:00,0.257,1489.0,48.4,50.0,5.48,0.2472,0.149,0.257,0.159,0.0078,0.0127,0.0075
2026-07-12 02:00:00,1.054,996.5,40.6,33.84,6.37,1.6406,1.054,0.849,0.893,0.1462,0.2717,0.1082
2026-07-12 03:00:00,1.564,999.2,42.4,33.84,5.44,1.6367,1.564,0.963,0.759,0.1399,0.2686,0.1093
2026-07-12 05:00:00,1.651,997.0,43.4,33.84,6.21,1.7139,1.206,1.651,1.083,0.1464,0.2729,0.1044
2026-07-12 08:00:00,0.97,882.2,46.1,29.58,1.51,1.6201,0.534,0.97,0.674,0.175,0.24,0.0906
2026-07-12 11:00:00,0.894,682.4,44.2,23.2,3.17,1.1055,0.472,0.894,0.396,0.1104,0.1775,0.0609
2026-07-12 12:00:00,0.623,682.1,48.8,23.2,3.24,0.9751,0.427,0.623,0.387,0.0934,0.1652,0.0602
2026-07-12 13:00:00,0.687,682.4,48.1,23.22,3.29,1.0059,0.339,0.687,0.368,0.0994,0.1678,0.0578
2026-07-12 14:00:00,0.746,684.2,49.3,23.2,2.76,1.0498,0.501,0.746,0.326,0.0942,0.1654,0.0598
2026-07-12 15:00:00,0.747,692.3,49.6,23.22,1.0,1.0488,0.507,0.747,0.519,0.1057,0.172,0.059
2026-07-12 16:00:00,0.743,693.0,49.5,23.22,0.83,1.0703,0.478,0.743,0.421,0.1028,0.1747,0.0614
2026-07-12 18:00:00,0.87,682.0,46.8,23.2,3.27,1.1309,0.4,0.87,0.432,0.0994,0.1754,0.0643
2026-07-12 19:00:00,0.856,691.8,46.2,23.22,1.11,1.084,0.505,0.856,0.367,0.1044,0.1726,0.0613
2026-07-12 21:00:00,0.711,630.0,43.8,21.03,0.19,1.2217,0.711,0.697,0.516,0.0922,0.1771,0.0646
2026-07-12 23:00:00,0.85,627.6,42.7,21.11,1.21,1.3076,0.571,0.85,0.558,0.0909,0.1838,0.0703
2026-07-13 01:00:00,1.262,629.8,42.2,21.14,0.93,1.3115,0.519,1.262,0.937,0.1119,0.2034,0.072
2026-07-13 02:00:00,1.157,630.0,44.6,21.12,0.79,1.3037,0.462,1.157,0.819,0.1074,0.1956,0.0698
2026-07-13 06:00:00,1.047,628.9,42.0,21.14,1.12,1.3613,0.666,1.047,0.772,0.108,0.1942,0.0735
2026-07-13 07:00:00,0.856,627.1,43.4,21.16,1.6,1.123,0.856,0.579,0.651,0.0949,0.1747,0.0723
2026-07-13 10:00:00,0.929,619.8,44.7,21.17,3.26,1.3135,0.563,0.75,0.929,0.0942,0.1914,0.0739
2026-07-13 11:00:00,0.595,704.2,48.7,24.59,8.27,0.2428,0.24,0.595,0.16,0.0116,0.0283,0.0114
2026-07-13 12:00:00,0.858,620.8,44.1,21.19,3.13,1.3516,0.62,0.858,0.532,0.0917,0.1858,0.0717
2026-07-13 13:00:00,0.691,603.6,47.1,20.77,4.02,1.0557,0.633,0.587,0.691,0.087,0.163,0.0699
2026-07-13 15:00:00,0.69,620.1,46.0,21.17,3.18,1.0859,0.617,0.655,0.69,0.0922,0.1699,0.0658
2026-07-14 00:00:00,1.441,1700.3,41.8,57.03,4.66,2.7969,1.321,1.441,0.945,0.2179,0.449,0.1329
2026-07-14 02:00:00,1.684,1700.8,45.1,57.06,4.84,2.373,1.513,1.684,1.054,0.2434,0.3777,0.1392
2026-07-14 03:00:00,1.496,1700.4,45.9,57.03,4.6,2.7832,1.277,1.496,1.225,0.2473,0.4177,0.1334
2026-07-14 05:00:00,1.81,1701.1,46.1,57.09,5.14,2.4219,1.253,1.81,1.328,0.2476,0.3853,0.1312
2026-07-14 06:00:00,1.994,1700.2,46.4,57.06,5.11,2.5625,1.191,1.697,1.994,0.2556,0.4285,0.1344
2026-07-14 08:00:00,2.398,1700.7,53.1,57.06,4.91,2.75,1.71,1.515,2.398,0.2352,0.4133,0.1339
2026-07-14 09:00:00,1.394,1698.8,47.7,57.03,5.3,2.4883,0.959,1.394,1.239,0.2382,0.3989,0.13
2026-07-14 10:00:00,2.102,1699.8,49.0,57.06,5.28,2.5527,1.518,1.58,2.102,0.2472,0.4075,0.1364
2026-07-14 12:00:00,0.323,1492.3,56.3,49.97,3.38,0.1353,0.215,0.323,0.123,0.0082,0.0192,0.0101
2026-07-14 21:00:00,1.746,1701.4,44.9,57.03,4.18,2.709,1.199,1.746,1.688,0.2251,0.4397,0.1359
2026-07-14 21:37:14,2.566,1701.6,47.8,57.03,4.1,2.4883,0.953,2.566,2.414,0.2202,0.3928,0.1245
2026-07-14 22:00:01,1.57,1702.3,45.8,57.03,3.77,2.6543,1.023,1.57,1.05,0.2386,0.4341,0.1271
2026-07-15 03:00:01,2.77,1701.6,42.8,57.09,4.92,2.6992,1.048,2.77,2.078,0.2413,0.425,0.1309
2026-07-15 04:00:01,2.475,1701.6,43.5,57.09,4.93,2.5156,1.526,2.475,1.106,0.2435,0.4133,0.1362
2026-07-15 08:00:01,2.191,1700.9,43.9,57.06,4.8,2.6094,1.339,2.191,1.359,0.2191,0.4421,0.13
2026-07-15 10:00:01,0.195,682.4,52.8,23.47,5.09,0.1182,0.119,0.195,0.062,0.0112,0.019,0.0072
2026-07-16 15:00:01,0.228,1479.2,32.9,50.0,10.38,0.2095,0.115,0.228,0.11,0.0099,0.0219,0.0086
2026-07-16 17:00:01,1.855,996.7,38.8,33.84,6.3,1.749,1.376,1.855,0.866,0.1417,0.262,0.1082
2026-07-16 19:00:01,2.176,998.8,45.3,33.84,5.6,1.6553,2.176,1.407,0.92,0.1311,0.2515,0.1153
2026-07-16 20:00:01,0.295,713.4,51.0,24.56,5.76,0.1548,0.21,0.295,0.281,0.0109,0.0193,0.0094
2026-07-16 22:00:01,1.401,744.6,43.6,25.3,3.62,1.3779,0.549,1.401,0.638,0.1177,0.204,0.0659
2026-07-16 23:00:01,1.435,748.8,44.5,25.3,2.56,1.3379,0.663,1.435,0.623,0.1205,0.217,0.0702
2026-07-17 00:00:01,1.465,757.6,44.8,25.3,0.33,1.2305,1.066,1.465,0.84,0.1188,0.2117,0.0715
2026-07-17 01:00:01,1.401,744.6,44.2,25.3,3.62,1.4863,0.786,1.401,0.983,0.123,0.2126,0.0687
2026-07-17 02:00:01,1.674,755.8,44.6,25.3,0.79,1.3281,0.803,1.674,1.173,0.1207,0.2191,0.0694
2026-07-17 08:00:01,0.806,629.8,40.1,21.08,0.53,1.1123,0.503,0.806,0.482,0.0917,0.1638,0.0681
2026-07-17 09:00:01,0.701,622.1,43.7,21.08,2.16,1.0078,0.653,0.701,0.289,0.0811,0.1619,0.0664
2026-07-17 15:00:01,1.06,409.5,41.4,13.79,0.58,1.7178,0.502,1.06,0.278,0.0811,0.2051,0.0779
2026-07-17 18:00:01,0.986,503.3,42.0,16.95,0.89,1.373,0.423,0.986,0.488,0.0723,0.2214,0.0867
2026-07-17 19:00:01,0.724,504.1,44.5,16.94,0.67,1.0742,0.37,0.724,0.352,0.0704,0.1564,0.062
2026-07-17 20:00:01,0.77,505.3,46.0,16.94,0.47,0.8779,0.422,0.77,0.413,0.0702,0.1423,0.0567
2026-07-17 21:00:01,0.531,503.5,47.2,16.95,0.86,0.897,0.311,0.531,0.379,0.0666,0.1443,0.0576
2026-07-17 22:00:01,0.718,504.4,46.8,16.94,0.64,0.9131,0.365,0.718,0.455,0.069,0.1472,0.0619
2026-07-18 00:00:00,0.795,503.3,46.4,16.92,0.74,0.8921,0.294,0.645,0.795,0.0833,0.1437,0.0568
2026-07-18 01:00:00,0.739,503.6,46.7,16.94,0.76,0.9219,0.458,0.681,0.739,0.0826,0.1486,0.0612
2026-07-18 02:00:00,0.505,505.7,46.1,16.95,0.48,1.0107,0.269,0.505,0.332,0.0687,0.1509,0.0574
2026-07-18 03:00:00,0.558,503.4,45.6,16.94,0.8,1.0098,0.482,0.558,0.396,0.0701,0.1573,0.0617
2026-07-18 04:00:00,0.77,502.6,45.7,16.94,0.93,1.0635,0.447,0.77,0.315,0.0701,0.1622,0.0603
2026-07-18 05:00:00,0.64,502.9,44.9,16.94,0.89,0.9893,0.35,0.64,0.395,0.0725,0.1608,0.0631
2026-07-18 07:00:00,0.7,503.7,45.8,16.94,0.75,1.083,0.291,0.7,0.383,0.0748,0.1625,0.0587
2026-07-18 08:00:00,0.688,504.0,47.1,16.92,0.62,0.9927,0.406,0.688,0.576,0.0795,0.1539,0.0592
2026-07-18 09:00:00,0.561,505.4,47.5,16.94,0.46,1.0352,0.561,0.533,0.386,0.0698,0.1626,0.0598
2026-07-18 11:00:00,0.595,503.4,45.8,16.94,0.79,1.0869,0.34,0.595,0.378,0.0799,0.1559,0.0554
2026-07-18 12:00:00,0.506,503.7,48.4,16.94,0.75,1.0879,0.321,0.506,0.452,0.0755,0.1592,0.0581
2026-07-18 13:00:00,0.815,504.6,49.0,16.94,0.59,1.0215,0.688,0.815,0.633,0.0827,0.157,0.0611
2026-07-18 14:00:00,0.935,504.1,50.3,16.95,0.76,0.9565,0.541,0.669,0.935,0.0911,0.1592,0.0657
2026-07-18 15:00:00,0.757,504.2,50.7,16.94,0.66,1.1035,0.322,0.757,0.383,0.0704,0.1581,0.0607
2026-07-18 16:00:00,0.717,504.3,50.9,16.94,0.64,0.9956,0.395,0.594,0.717,0.0831,0.1554,0.0641
2026-07-18 17:00:00,0.605,504.9,49.9,16.94,0.55,0.9932,0.555,0.605,0.377,0.0734,0.1558,0.064
2026-07-18 18:00:00,0.724,497.7,49.7,16.94,1.76,1.04,0.473,0.724,0.324,0.0677,0.1548,0.0611
2026-07-18 19:00:00,0.806,503.8,48.6,16.94,0.74,1.0254,0.586,0.806,0.78,0.0881,0.1538,0.0591
2026-07-18 20:00:00,0.747,503.8,49.0,16.94,0.74,1.0166,0.388,0.747,0.609,0.0793,0.1543,0.058
2026-07-18 21:00:00,0.528,504.8,48.3,16.95,0.63,1.1143,0.289,0.528,0.348,0.0735,0.1549,0.0609
2026-07-18 23:00:00,1.375,502.9,47.6,16.94,0.89,1.0342,0.792,0.857,1.375,0.1225,0.1555,0.0651
2026-07-19 00:00:00,0.697,503.6,47.4,16.95,0.84,1.0107,0.384,0.697,0.362,0.0727,0.1482,0.0572
2026-07-19 03:00:00,1.457,756.0,43.8,25.31,0.85,1.8193,0.692,1.457,0.997,0.1407,0.2832,0.0759
2026-07-19 04:00:00,1.501,749.9,45.0,25.31,2.4,1.9307,0.818,1.501,0.725,0.1418,0.2727,0.0762
2026-07-19 05:00:00,1.401,749.8,45.8,25.33,2.54,1.5547,0.59,1.401,1.055,0.1261,0.2268,0.0686
2026-07-19 06:00:00,1.297,745.0,45.3,25.31,3.64,1.4453,0.707,1.297,0.89,0.123,0.2186,0.0695
2026-07-19 07:00:00,1.365,749.9,46.7,25.31,2.41,1.4404,0.496,1.365,0.876,0.1294,0.2274,0.0673
2026-07-19 08:00:00,1.555,747.6,47.1,25.31,2.99,1.4844,1.007,1.555,0.683,0.1266,0.2316,0.0715
2026-07-19 10:00:00,1.592,746.0,48.5,25.33,3.5,1.4873,0.828,1.592,0.595,0.1165,0.2278,0.0687
2026-07-19 14:00:00,1.543,999.0,47.1,33.88,5.85,1.5195,1.543,1.155,0.862,0.1355,0.2473,0.1016
2026-07-19 15:00:00,2.596,998.8,49.8,33.84,5.6,1.4932,2.596,1.76,1.008,0.1266,0.2432,0.1228
2026-07-19 20:00:00,0.615,700.8,56.7,24.38,7.41,0.1753,0.203,0.615,0.129,0.0084,0.026,0.0095
2026-07-19 21:00:00,1.491,1701.1,45.6,57.12,5.52,2.4004,1.053,1.491,1.491,0.2101,0.3901,0.1364
2026-07-20 00:00:00,1.653,604.2,49.9,20.28,0.85,2.5898,1.653,1.409,1.187,0.2169,0.3926,0.1416
2026-07-20 02:00:00,3.67,623.3,51.9,20.94,1.02,3.1152,1.288,3.67,0.991,0.2258,0.447,0.1731
2026-07-20 04:00:00,2.223,1699.6,50.7,57.09,5.77,2.8418,1.841,1.361,2.223,0.2472,0.4502,0.1503
2026-07-20 07:00:00,2.324,1699.5,44.7,57.09,5.82,2.6445,1.058,2.324,1.856,0.235,0.4187,0.1304
2026-07-20 17:00:00,2.127,1701.0,49.3,57.16,5.98,2.4785,1.646,2.127,1.244,0.2242,0.4214,0.1498
2026-07-20 20:00:00,2.482,1700.9,46.2,57.19,6.43,2.459,1.481,1.977,2.482,0.2352,0.3987,0.1436
2026-07-20 22:00:00,1.91,1700.1,48.2,57.19,6.77,2.6582,0.913,1.648,1.91,0.2163,0.405,0.1392
2026-07-20 23:00:00,2.158,604.7,53.1,20.62,2.9,2.7324,1.085,2.158,1.727,0.2554,0.425,0.144
2026-07-21 00:00:00,0.569,708.7,57.6,24.78,8.61,0.1826,0.327,0.569,0.104,0.0087,0.0264,0.0133
2026-07-21 01:00:00,1.819,1701.3,47.0,57.16,5.85,2.5684,1.482,1.819,1.234,0.217,0.4082,0.1425
2026-07-21 03:00:00,2.918,1700.4,45.0,57.12,5.83,2.6582,1.011,2.918,1.459,0.2223,0.4353,0.1327
2026-07-21 04:00:00,1.987,1701.0,45.5,57.09,5.15,2.6602,1.878,1.482,1.987,0.2067,0.4158,0.1451
2026-07-21 05:00:00,2.504,1699.8,45.4,57.12,6.12,2.6738,1.479,2.504,1.887,0.2413,0.4158,0.1381
2026-07-21 06:00:00,2.107,1701.5,46.4,57.09,4.97,2.7383,1.353,1.752,2.107,0.2527,0.4453,0.1395
2026-07-21 07:00:00,1.946,1701.4,46.0,57.12,5.42,2.7598,1.796,1.769,1.946,0.2277,0.4202,0.1414
2026-07-21 10:00:00,2.771,1699.9,46.2,57.12,6.05,2.7012,1.202,2.771,2.504,0.217,0.4143,0.1354
2026-07-21 11:00:00,2.215,1702.7,49.6,57.16,5.22,2.5977,1.128,2.215,1.732,0.2429,0.4187,0.1338
2026-07-21 12:00:00,1.715,1701.2,49.9,57.12,5.49,2.5801,1.715,1.67,1.13,0.2391,0.4294,0.1464
2026-07-21 19:00:00,2.486,1701.5,46.2,57.12,5.34,2.5605,0.958,2.166,2.486,0.2311,0.4175,0.1462
2026-07-21 21:00:00,2.941,1700.8,46.6,57.12,5.66,2.6016,1.611,2.145,2.941,0.2306,0.4058,0.1387
2026-07-21 21:39:14,2.039,1700.2,48.1,57.12,5.91,2.5645,1.054,2.039,1.325,0.2412,0.3975,0.1536
2026-07-21 23:00:01,2.348,1701.2,47.9,57.12,5.51,2.5957,1.755,2.348,1.951,0.2429,0.4028,0.1538
2026-07-22 02:00:01,2.65,1701.3,43.9,57.12,5.47,2.7148,1.357,2.65,0.811,0.2185,0.4497,0.1425
2026-07-22 03:00:01,3.033,1701.0,45.4,57.12,5.59,2.7363,1.401,2.623,3.033,0.2505,0.4146,0.1384
2026-07-22 04:00:01,2.402,1699.1,52.2,57.12,6.42,2.6387,1.41,2.402,1.746,0.2428,0.4131,0.1393
2026-07-22 06:00:01,1.618,629.7,47.2,21.12,0.86,1.5811,0.614,1.618,0.965,0.1213,0.2368,0.0769
2026-07-22 07:00:01,1.886,1701.1,45.9,57.12,5.53,2.6699,1.115,1.57,1.886,0.2126,0.4314,0.1417
2026-07-22 11:00:01,1.818,1700.3,43.0,57.06,5.06,3.0254,1.418,1.818,1.767,0.2015,0.4604,0.1637
2026-07-22 12:00:01,2.396,1700.2,48.6,57.12,5.91,2.6777,0.935,2.396,1.689,0.2324,0.4106,0.1364
2026-07-22 18:00:01,3.467,1701.3,44.6,57.12,5.45,2.7285,1.385,2.127,3.467,0.2078,0.4414,0.1443
2026-07-22 23:00:01,1.854,1701.9,51.1,57.06,4.37,2.627,1.425,1.854,1.245,0.2246,0.4106,0.1321
2026-07-23 00:00:01,2.76,1700.4,46.9,57.09,5.43,2.9277,1.326,2.76,1.233,0.2397,0.4175,0.1343
2026-07-23 03:00:01,1.676,1700.2,45.4,57.12,5.93,2.6504,0.949,1.676,1.219,0.2646,0.4092,0.1472
2026-07-23 04:00:01,1.438,1701.4,44.8,57.09,5.01,2.5488,1.251,1.438,1.038,0.2024,0.3984,0.1343
2026-07-23 05:00:01,1.776,1690.5,46.1,57.12,10.19,2.5918,1.122,1.776,0.949,0.2539,0.4138,0.1395
2026-07-23 08:00:01,2.559,1701.6,48.4,57.09,4.92,2.5195,1.618,1.619,2.559,0.2457,0.4258,0.1443
2026-07-23 09:00:01,1.92,1701.6,50.2,57.09,4.9,2.5977,1.363,1.92,1.379,0.2161,0.3889,0.1315
